txn_id,txn_date,account,direction,counterparty,category,amount,balance,reference,description
BANK-2025-00001,2025-01-01,SCB-CURR,OUT,SUP-0016,LEASE_PAYMENT,1249612,164621537,LEASE-1,Right-of-use lease payment
BANK-2025-00002,2025-01-05,SCB-CURR,OUT,SUP-0028,INTEREST,526807,164094730,INT-1,Bank loan interest
BANK-2025-00003,2025-01-15,SCB-CURR,IN,CUST-0008,AR_COLLECTION,980000,165074730,OPEN-AR,Opening AR settlement
BANK-2025-00004,2025-01-15,SCB-CURR,IN,CUST-0005,AR_COLLECTION,1980000,167054730,OPEN-AR,Opening AR settlement
BANK-2025-00005,2025-01-15,SCB-CURR,IN,CUST-0001,AR_COLLECTION,34800000,201854730,INV-2025-00001,Cash sale settlement
BANK-2025-00006,2025-01-15,SCB-CURR,IN,CUST-0001,AR_COLLECTION,1515296,203370026,INV-2025-00009,Cash sale settlement
BANK-2025-00007,2025-01-15,SCB-CURR,IN,CUST-0035,AR_COLLECTION,4500000,207870026,INV-2025-00007,Cash sale settlement
BANK-2025-00008,2025-01-15,SCB-CURR,IN,CUST-0006,AR_COLLECTION,1560000,209430026,OPEN-AR,Opening AR settlement
BANK-2025-00009,2025-01-15,SCB-CURR,IN,CUST-0003,AR_COLLECTION,3120000,212550026,OPEN-AR,Opening AR settlement
BANK-2025-00010,2025-01-15,SCB-CURR,IN,CUST-0007,AR_COLLECTION,1320000,213870026,OPEN-AR,Opening AR settlement
BANK-2025-00011,2025-01-15,SCB-CURR,IN,CUST-0004,AR_COLLECTION,2640000,216510026,OPEN-AR,Opening AR settlement
BANK-2025-00012,2025-01-15,SCB-CURR,IN,CUST-0002,AR_COLLECTION,2850000,219360026,OPEN-AR,Opening AR settlement
BANK-2025-00013,2025-01-15,SCB-CURR,IN,CUST-0010,AR_COLLECTION,540000,219900026,OPEN-AR,Opening AR settlement
BANK-2025-00014,2025-01-15,SCB-CURR,IN,CUST-0009,AR_COLLECTION,1450000,221350026,OPEN-AR,Opening AR settlement
BANK-2025-00015,2025-01-20,SCB-CURR,IN,Various,OTHER_INCOME,956896,222306922,OI-1,Insurance commission, scrap, misc
BANK-2025-00016,2025-01-22,SCB-CURR,IN,CUST-0002,AR_COLLECTION,16443000,238749922,INV-2025-00002,Settled per credit term
BANK-2025-00017,2025-01-25,SCB-CURR,OUT,SUP-0003,AP_PAYMENT,4250000,234499922,OPEN-AP,Opening AP settlement
BANK-2025-00018,2025-01-25,SCB-CURR,OUT,SUP-0017,AP_PAYMENT,295000,234204922,OPEN-AP,Opening AP settlement
BANK-2025-00019,2025-01-25,SCB-CURR,OUT,SUP-0004,AP_PAYMENT,420000,233784922,OPEN-AP,Opening AP settlement
BANK-2025-00020,2025-01-25,SCB-CURR,OUT,SUP-0018,AP_PAYMENT,18000,233766922,OPEN-AP,Opening AP settlement
BANK-2025-00021,2025-01-25,SCB-CURR,OUT,SUP-0022,AP_PAYMENT,28000,233738922,OPEN-AP,Opening AP settlement
BANK-2025-00022,2025-01-25,SCB-CURR,OUT,SUP-0012,AP_PAYMENT,42000,233696922,OPEN-AP,Opening AP settlement
BANK-2025-00023,2025-01-25,SCB-CURR,OUT,SUP-0007,AP_PAYMENT,180000,233516922,OPEN-AP,Opening AP settlement
BANK-2025-00024,2025-01-25,SCB-CURR,OUT,SUP-0013,AP_PAYMENT,8500,233508422,OPEN-AP,Opening AP settlement
BANK-2025-00025,2025-01-25,SCB-CURR,IN,CUST-0003,AR_COLLECTION,12919500,246427922,INV-2025-00003,Settled per credit term
BANK-2025-00026,2025-01-25,SCB-CURR,OUT,SUP-0001,AP_PAYMENT,67767488,178660434,OPEN-AP,Opening AP settlement
BANK-2025-00027,2025-01-25,SCB-CURR,OUT,SUP-0025,AP_PAYMENT,65000,178595434,OPEN-AP,Opening AP settlement
BANK-2025-00028,2025-01-25,SCB-CURR,OUT,SUP-0024,AP_PAYMENT,165000,178430434,OPEN-AP,Opening AP settlement
BANK-2025-00029,2025-01-25,SCB-CURR,OUT,SUP-0009,AP_PAYMENT,98000,178332434,OPEN-AP,Opening AP settlement
BANK-2025-00030,2025-01-25,SCB-CURR,OUT,SUP-0020,AP_PAYMENT,24000,178308434,OPEN-AP,Opening AP settlement
BANK-2025-00031,2025-01-25,SCB-CURR,OUT,SUP-0019,AP_PAYMENT,68000,178240434,OPEN-AP,Opening AP settlement
BANK-2025-00032,2025-01-25,SCB-CURR,OUT,SUP-0021,AP_PAYMENT,52000,178188434,OPEN-AP,Opening AP settlement
BANK-2025-00033,2025-01-25,SCB-CURR,OUT,SUP-0014,AP_PAYMENT,12000,178176434,OPEN-AP,Opening AP settlement
BANK-2025-00034,2025-01-25,SCB-CURR,OUT,SUP-0016,AP_PAYMENT,720000,177456434,OPEN-AP,Opening AP settlement
BANK-2025-00035,2025-01-25,SCB-CURR,OUT,SUP-0002,AP_PAYMENT,3200000,174256434,OPEN-AP,Opening AP settlement
BANK-2025-00036,2025-01-25,SCB-CURR,OUT,SUP-0023,AP_PAYMENT,180000,174076434,OPEN-AP,Opening AP settlement
BANK-2025-00037,2025-01-25,SCB-CURR,OUT,SUP-0015,AP_PAYMENT,6500,174069934,OPEN-AP,Opening AP settlement
BANK-2025-00038,2025-01-25,SCB-CURR,OUT,SUP-0026,AP_PAYMENT,3850000,170219934,OPEN-AP,Opening AP settlement
BANK-2025-00039,2025-01-25,SCB-CURR,OUT,SUP-0006,AP_PAYMENT,210000,170009934,OPEN-AP,Opening AP settlement
BANK-2025-00040,2025-01-25,SCB-CURR,OUT,SUP-0010,AP_PAYMENT,52000,169957934,OPEN-AP,Opening AP settlement
BANK-2025-00041,2025-01-25,SCB-CURR,OUT,SUP-0011,AP_PAYMENT,128000,169829934,OPEN-AP,Opening AP settlement
BANK-2025-00042,2025-01-25,SCB-CURR,OUT,SUP-0005,AP_PAYMENT,380000,169449934,OPEN-AP,Opening AP settlement
BANK-2025-00043,2025-01-25,SCB-CURR,OUT,SUP-0027,AP_PAYMENT,420000,169029934,OPEN-AP,Opening AP settlement
BANK-2025-00044,2025-01-25,SCB-CURR,OUT,SUP-0008,AP_PAYMENT,65000,168964934,OPEN-AP,Opening AP settlement
BANK-2025-00045,2025-01-28,SCB-CURR,IN,CUST-0004,AR_COLLECTION,9787500,178752434,INV-2025-00004,Settled per credit term
BANK-2025-00046,2025-01-28,SCB-CURR,OUT,SUP-0030,PAYROLL,7197954,171554480,PAYROLL-1,Monthly payroll
BANK-2025-00047,2025-02-01,SCB-CURR,OUT,SUP-0016,LEASE_PAYMENT,1166304,170388176,LEASE-2,Right-of-use lease payment
BANK-2025-00048,2025-02-05,SCB-CURR,OUT,SUP-0028,INTEREST,491687,169896489,INT-2,Bank loan interest
BANK-2025-00049,2025-02-09,SCB-CURR,OUT,SUP-0001,AP_PAYMENT,71250000,98646489,BILL-2025-00001,Paid per credit term
BANK-2025-00050,2025-02-10,SCB-CURR,OUT,SUP-0017,AP_PAYMENT,294000,98352489,BILL-2025-00007,Paid per credit term
BANK-2025-00051,2025-02-10,SCB-CURR,OUT,SUP-0016,AP_PAYMENT,756000,97596489,BILL-2025-00006,Paid per credit term
BANK-2025-00052,2025-02-10,SCB-CURR,IN,CUST-0011,AR_COLLECTION,5696556,103293045,OPEN-AR,Opening AR settlement (others)
BANK-2025-00053,2025-02-11,SCB-CURR,OUT,SUP-0002,AP_PAYMENT,2651821,100641224,BILL-2025-00002,Paid per credit term
BANK-2025-00054,2025-02-12,SCB-CURR,OUT,SUP-0012,AP_PAYMENT,168000,100473224,BILL-2025-00008,Paid per credit term
BANK-2025-00055,2025-02-12,SCB-CURR,OUT,SUP-0013,AP_PAYMENT,42000,100431224,BILL-2025-00009,Paid per credit term
BANK-2025-00056,2025-02-12,SCB-CURR,OUT,SUP-0014,AP_PAYMENT,63000,100368224,BILL-2025-00010,Paid per credit term
BANK-2025-00057,2025-02-14,SCB-CURR,OUT,SUP-0023,AP_PAYMENT,504000,99864224,BILL-2025-00011,Paid per credit term
BANK-2025-00058,2025-02-14,SCB-CURR,OUT,SUP-0024,AP_PAYMENT,1050000,98814224,BILL-2025-00012,Paid per credit term
BANK-2025-00059,2025-02-15,SCB-CURR,IN,CUST-0035,AR_COLLECTION,4200000,103014224,INV-2025-00018,Cash sale settlement
BANK-2025-00060,2025-02-15,SCB-CURR,IN,CUST-0001,AR_COLLECTION,1414277,104428501,INV-2025-00020,Cash sale settlement
BANK-2025-00061,2025-02-15,SCB-CURR,IN,CUST-0001,AR_COLLECTION,32480000,136908501,INV-2025-00012,Cash sale settlement
BANK-2025-00062,2025-02-16,SCB-CURR,OUT,SUP-0007,AP_PAYMENT,336000,136572501,BILL-2025-00013,Paid per credit term
BANK-2025-00063,2025-02-18,SCB-CURR,OUT,SUP-0021,AP_PAYMENT,63000,136509501,BILL-2025-00016,Paid per credit term
BANK-2025-00064,2025-02-18,SCB-CURR,OUT,SUP-0022,AP_PAYMENT,42000,136467501,BILL-2025-00017,Paid per credit term
BANK-2025-00065,2025-02-19,SCB-CURR,IN,CUST-0033,AR_COLLECTION,4545890,141013391,INV-2025-00010,Settled per credit term
BANK-2025-00066,2025-02-20,SCB-CURR,IN,Various,OTHER_INCOME,893103,141906494,OI-2,Insurance commission, scrap, misc
BANK-2025-00067,2025-02-20,SCB-CURR,OUT,SUP-0020,AP_PAYMENT,84000,141822494,BILL-2025-00018,Paid per credit term
BANK-2025-00068,2025-02-22,SCB-CURR,IN,CUST-0036,AR_COLLECTION,1809485,143631979,INV-2025-00011,Settled per credit term
BANK-2025-00069,2025-02-24,SCB-CURR,OUT,SUP-0025,AP_PAYMENT,462000,143169979,BILL-2025-00019,Paid per credit term
BANK-2025-00070,2025-02-24,SCB-CURR,IN,CUST-0011,AR_COLLECTION,8700000,151869979,INV-2025-00005,Settled per credit term
BANK-2025-00071,2025-02-28,SCB-CURR,IN,CUST-0007,AR_COLLECTION,9135000,161004979,INV-2025-00015,Settled per credit term
BANK-2025-00072,2025-02-28,SCB-CURR,OUT,SUP-0030,PAYROLL,6718090,154286889,PAYROLL-2,Monthly payroll
BANK-2025-00073,2025-03-01,SCB-CURR,OUT,SUP-0003,AP_PAYMENT,2625000,151661889,BILL-2025-00003,Paid per credit term
BANK-2025-00074,2025-03-01,SCB-CURR,OUT,SUP-0016,LEASE_PAYMENT,1416227,150245662,LEASE-3,Right-of-use lease payment
BANK-2025-00075,2025-03-02,SCB-CURR,IN,CUST-0005,AR_COLLECTION,15346800,165592462,INV-2025-00013,Settled per credit term
BANK-2025-00076,2025-03-03,SCB-CURR,OUT,SUP-0004,AP_PAYMENT,562500,165029962,BILL-2025-00004,Paid per credit term
BANK-2025-00077,2025-03-04,SCB-CURR,OUT,SUP-0009,AP_PAYMENT,210000,164819962,BILL-2025-00014,Paid per credit term
BANK-2025-00078,2025-03-04,SCB-CURR,OUT,SUP-0011,AP_PAYMENT,126000,164693962,BILL-2025-00015,Paid per credit term
BANK-2025-00079,2025-03-05,SCB-CURR,OUT,SUP-0028,INTEREST,597048,164096914,INT-3,Bank loan interest
BANK-2025-00080,2025-03-05,SCB-CURR,IN,CUST-0006,AR_COLLECTION,12058200,176155114,INV-2025-00014,Settled per credit term
BANK-2025-00081,2025-03-05,SCB-CURR,OUT,SUP-0005,AP_PAYMENT,562500,175592614,BILL-2025-00005,Paid per credit term
BANK-2025-00082,2025-03-08,SCB-CURR,IN,CUST-0021,AR_COLLECTION,4350000,179942614,INV-2025-00006,Settled per credit term
BANK-2025-00083,2025-03-12,SCB-CURR,OUT,SUP-0001,AP_PAYMENT,66500000,113442614,BILL-2025-00020,Paid per credit term
BANK-2025-00084,2025-03-13,SCB-CURR,OUT,SUP-0017,AP_PAYMENT,274400,113168214,BILL-2025-00026,Paid per credit term
BANK-2025-00085,2025-03-13,SCB-CURR,OUT,SUP-0016,AP_PAYMENT,705600,112462614,BILL-2025-00025,Paid per credit term
BANK-2025-00086,2025-03-13,SCB-CURR,IN,CUST-0016,AR_COLLECTION,1500000,113962614,INV-2025-00008,Settled per credit term
BANK-2025-00087,2025-03-14,SCB-CURR,OUT,SUP-0002,AP_PAYMENT,2475033,111487581,BILL-2025-00021,Paid per credit term
BANK-2025-00088,2025-03-15,SCB-CURR,IN,SUP-0028,ST_LOAN_DRAW,230000000,341487581,STLN-Q1,ST loan facility draw
BANK-2025-00089,2025-03-15,SCB-CURR,OUT,SUP-0013,AP_PAYMENT,39200,341448381,BILL-2025-00028,Paid per credit term
BANK-2025-00090,2025-03-15,SCB-CURR,OUT,SUP-0012,AP_PAYMENT,156800,341291581,BILL-2025-00027,Paid per credit term
BANK-2025-00091,2025-03-15,SCB-CURR,IN,CUST-0035,AR_COLLECTION,5100000,346391581,INV-2025-00029,Cash sale settlement
BANK-2025-00092,2025-03-15,SCB-CURR,IN,CUST-0001,AR_COLLECTION,1717336,348108917,INV-2025-00031,Cash sale settlement
BANK-2025-00093,2025-03-15,SCB-CURR,OUT,SUP-0014,AP_PAYMENT,58800,348050117,BILL-2025-00029,Paid per credit term
BANK-2025-00094,2025-03-15,SCB-CURR,IN,CUST-0001,AR_COLLECTION,39440000,387490117,INV-2025-00023,Cash sale settlement
BANK-2025-00095,2025-03-17,SCB-CURR,OUT,SUP-0024,AP_PAYMENT,980000,386510117,BILL-2025-00031,Paid per credit term
BANK-2025-00096,2025-03-17,SCB-CURR,OUT,SUP-0023,AP_PAYMENT,470400,386039717,BILL-2025-00030,Paid per credit term
BANK-2025-00097,2025-03-19,SCB-CURR,OUT,SUP-0007,AP_PAYMENT,313600,385726117,BILL-2025-00032,Paid per credit term
BANK-2025-00098,2025-03-20,SCB-CURR,IN,Various,OTHER_INCOME,1084482,386810599,OI-3,Insurance commission, scrap, misc
BANK-2025-00099,2025-03-21,SCB-CURR,OUT,SUP-0022,AP_PAYMENT,39200,386771399,BILL-2025-00036,Paid per credit term
BANK-2025-00100,2025-03-21,SCB-CURR,OUT,SUP-0021,AP_PAYMENT,58800,386712599,BILL-2025-00035,Paid per credit term
BANK-2025-00101,2025-03-22,SCB-CURR,IN,CUST-0034,AR_COLLECTION,4242830,390955429,INV-2025-00021,Settled per credit term
BANK-2025-00102,2025-03-23,SCB-CURR,OUT,SUP-0020,AP_PAYMENT,78400,390877029,BILL-2025-00037,Paid per credit term
BANK-2025-00103,2025-03-25,SCB-CURR,IN,CUST-0009,AR_COLLECTION,14642100,405519129,INV-2025-00025,Settled per credit term
BANK-2025-00104,2025-03-25,SCB-CURR,IN,CUST-0037,AR_COLLECTION,1688853,407207982,INV-2025-00022,Settled per credit term
BANK-2025-00105,2025-03-27,SCB-CURR,OUT,SUP-0025,AP_PAYMENT,431200,406776782,BILL-2025-00038,Paid per credit term
BANK-2025-00106,2025-03-28,SCB-CURR,OUT,SUP-0030,PAYROLL,8157681,398619101,PAYROLL-3,Monthly payroll
BANK-2025-00107,2025-03-30,SCB-CURR,IN,CUST-0008,AR_COLLECTION,18635400,417254501,INV-2025-00024,Settled per credit term
BANK-2025-00108,2025-04-01,SCB-CURR,OUT,SUP-0016,LEASE_PAYMENT,1249612,416004889,LEASE-4,Right-of-use lease payment
BANK-2025-00109,2025-04-01,SCB-CURR,OUT,SUP-0003,AP_PAYMENT,2450000,413554889,BILL-2025-00022,Paid per credit term
BANK-2025-00110,2025-04-03,SCB-CURR,OUT,SUP-0004,AP_PAYMENT,525000,413029889,BILL-2025-00023,Paid per credit term
BANK-2025-00111,2025-04-04,SCB-CURR,OUT,SUP-0011,AP_PAYMENT,117600,412912289,BILL-2025-00034,Paid per credit term
BANK-2025-00112,2025-04-04,SCB-CURR,OUT,SUP-0009,AP_PAYMENT,196000,412716289,BILL-2025-00033,Paid per credit term
BANK-2025-00113,2025-04-05,SCB-CURR,IN,CUST-0010,AR_COLLECTION,11092500,423808789,INV-2025-00026,Settled per credit term
BANK-2025-00114,2025-04-05,SCB-CURR,OUT,SUP-0005,AP_PAYMENT,525000,423283789,BILL-2025-00024,Paid per credit term
BANK-2025-00115,2025-04-05,SCB-CURR,OUT,SUP-0028,INTEREST,526807,422756982,INT-4,Bank loan interest
BANK-2025-00116,2025-04-08,SCB-CURR,IN,CUST-0022,AR_COLLECTION,4060000,426816982,INV-2025-00017,Settled per credit term
BANK-2025-00117,2025-04-09,SCB-CURR,OUT,SUP-0001,AP_PAYMENT,80750000,346066982,BILL-2025-00039,Paid per credit term
BANK-2025-00118,2025-04-10,SCB-CURR,OUT,SUP-0016,AP_PAYMENT,856800,345210182,BILL-2025-00044,Paid per credit term
BANK-2025-00119,2025-04-10,SCB-CURR,OUT,SUP-0017,AP_PAYMENT,333200,344876982,BILL-2025-00045,Paid per credit term
BANK-2025-00120,2025-04-11,SCB-CURR,OUT,SUP-0002,AP_PAYMENT,3005398,341871584,BILL-2025-00040,Paid per credit term
BANK-2025-00121,2025-04-11,SCB-CURR,IN,CUST-0012,AR_COLLECTION,8120000,349991584,INV-2025-00016,Settled per credit term
BANK-2025-00122,2025-04-12,SCB-CURR,OUT,SUP-0014,AP_PAYMENT,71400,349920184,BILL-2025-00048,Paid per credit term
BANK-2025-00123,2025-04-12,SCB-CURR,OUT,SUP-0013,AP_PAYMENT,47600,349872584,BILL-2025-00047,Paid per credit term
BANK-2025-00124,2025-04-12,SCB-CURR,OUT,SUP-0012,AP_PAYMENT,190400,349682184,BILL-2025-00046,Paid per credit term
BANK-2025-00125,2025-04-13,SCB-CURR,IN,CUST-0017,AR_COLLECTION,1400000,351082184,INV-2025-00019,Settled per credit term
BANK-2025-00126,2025-04-14,SCB-CURR,OUT,SUP-0023,AP_PAYMENT,571200,350510984,BILL-2025-00049,Paid per credit term
BANK-2025-00127,2025-04-14,SCB-CURR,OUT,SUP-0024,AP_PAYMENT,1190000,349320984,BILL-2025-00050,Paid per credit term
BANK-2025-00128,2025-04-15,SCB-CURR,IN,CUST-0001,AR_COLLECTION,1515296,350836280,INV-2025-00042,Cash sale settlement
BANK-2025-00129,2025-04-15,SCB-CURR,IN,CUST-0035,AR_COLLECTION,4500000,355336280,INV-2025-00040,Cash sale settlement
BANK-2025-00130,2025-04-15,SCB-CURR,IN,CUST-0001,AR_COLLECTION,34800000,390136280,INV-2025-00034,Cash sale settlement
BANK-2025-00131,2025-04-16,SCB-CURR,OUT,SUP-0007,AP_PAYMENT,380800,389755480,BILL-2025-00051,Paid per credit term
BANK-2025-00132,2025-04-18,SCB-CURR,OUT,SUP-0021,AP_PAYMENT,71400,389684080,BILL-2025-00054,Paid per credit term
BANK-2025-00133,2025-04-18,SCB-CURR,OUT,SUP-0022,AP_PAYMENT,47600,389636480,BILL-2025-00055,Paid per credit term
BANK-2025-00134,2025-04-20,SCB-CURR,OUT,SUP-0019,CAPEX,1500000,388136480,CAPEX-EQ-1,Service center equipment
BANK-2025-00135,2025-04-20,SCB-CURR,OUT,SUP-0020,AP_PAYMENT,95200,388041280,BILL-2025-00056,Paid per credit term
BANK-2025-00136,2025-04-20,SCB-CURR,IN,Various,OTHER_INCOME,956896,388998176,OI-4,Insurance commission, scrap, misc
BANK-2025-00137,2025-04-22,SCB-CURR,IN,CUST-0002,AR_COLLECTION,16443000,405441176,INV-2025-00035,Settled per credit term
BANK-2025-00138,2025-04-22,SCB-CURR,IN,CUST-0038,AR_COLLECTION,2050750,407491926,INV-2025-00033,Settled per credit term
BANK-2025-00139,2025-04-24,SCB-CURR,IN,CUST-0013,AR_COLLECTION,9860000,417351926,INV-2025-00027,Settled per credit term
BANK-2025-00140,2025-04-24,SCB-CURR,OUT,SUP-0025,AP_PAYMENT,523600,416828326,BILL-2025-00057,Paid per credit term
BANK-2025-00141,2025-04-25,SCB-CURR,IN,CUST-0003,AR_COLLECTION,12919500,429747826,INV-2025-00036,Settled per credit term
BANK-2025-00142,2025-04-26,SCB-CURR,IN,CUST-0018,AR_COLLECTION,1700000,431447826,INV-2025-00030,Settled per credit term
BANK-2025-00143,2025-04-28,SCB-CURR,OUT,SUP-0030,PAYROLL,7197954,424249872,PAYROLL-4,Monthly payroll
BANK-2025-00144,2025-04-28,SCB-CURR,IN,CUST-0004,AR_COLLECTION,9787500,434037372,INV-2025-00037,Settled per credit term
BANK-2025-00145,2025-04-29,SCB-CURR,OUT,SUP-0003,AP_PAYMENT,2975000,431062372,BILL-2025-00041,Paid per credit term
BANK-2025-00146,2025-05-01,SCB-CURR,OUT,SUP-0016,LEASE_PAYMENT,1332919,429729453,LEASE-5,Right-of-use lease payment
BANK-2025-00147,2025-05-01,SCB-CURR,OUT,SUP-0004,AP_PAYMENT,637500,429091953,BILL-2025-00042,Paid per credit term
BANK-2025-00148,2025-05-02,SCB-CURR,OUT,SUP-0011,AP_PAYMENT,142800,428949153,BILL-2025-00053,Paid per credit term
BANK-2025-00149,2025-05-02,SCB-CURR,OUT,SUP-0009,AP_PAYMENT,238000,428711153,BILL-2025-00052,Paid per credit term
BANK-2025-00150,2025-05-03,SCB-CURR,OUT,SUP-0005,AP_PAYMENT,637500,428073653,BILL-2025-00043,Paid per credit term
BANK-2025-00151,2025-05-04,SCB-CURR,IN,CUST-0021,AR_COLLECTION,5152008,433225661,INV-2025-00032,Settled per credit term
BANK-2025-00152,2025-05-05,SCB-CURR,OUT,SUP-0028,INTEREST,561927,432663734,INT-5,Bank loan interest
BANK-2025-00153,2025-05-05,SCB-CURR,OUT,NCI,DIVIDEND_NCI,40727,432623007,DIV-NCI,Dividend to non-controlling interest
BANK-2025-00154,2025-05-05,SCB-CURR,OUT,Shareholders,DIVIDEND,15956511,416666496,DIV-2025,Annual dividend to parent shareholders
BANK-2025-00155,2025-05-06,SCB-CURR,IN,CUST-0023,AR_COLLECTION,4930000,421596496,INV-2025-00028,Settled per credit term
BANK-2025-00156,2025-05-10,SCB-CURR,OUT,SUP-0001,AP_PAYMENT,71250000,350346496,BILL-2025-00058,Paid per credit term
BANK-2025-00157,2025-05-11,SCB-CURR,OUT,SUP-0016,AP_PAYMENT,756000,349590496,BILL-2025-00063,Paid per credit term
BANK-2025-00158,2025-05-11,SCB-CURR,OUT,SUP-0017,AP_PAYMENT,294000,349296496,BILL-2025-00064,Paid per credit term
BANK-2025-00159,2025-05-12,SCB-CURR,OUT,SUP-0002,AP_PAYMENT,2651821,346644675,BILL-2025-00059,Paid per credit term
BANK-2025-00160,2025-05-13,SCB-CURR,OUT,SUP-0014,AP_PAYMENT,63000,346581675,BILL-2025-00067,Paid per credit term
BANK-2025-00161,2025-05-13,SCB-CURR,OUT,SUP-0013,AP_PAYMENT,42000,346539675,BILL-2025-00066,Paid per credit term
BANK-2025-00162,2025-05-13,SCB-CURR,OUT,SUP-0012,AP_PAYMENT,168000,346371675,BILL-2025-00065,Paid per credit term
BANK-2025-00163,2025-05-15,SCB-CURR,OUT,SUP-0024,AP_PAYMENT,1050000,345321675,BILL-2025-00069,Paid per credit term
BANK-2025-00164,2025-05-15,SCB-CURR,OUT,SUP-0023,AP_PAYMENT,504000,344817675,BILL-2025-00068,Paid per credit term
BANK-2025-00165,2025-05-15,SCB-CURR,IN,CUST-0001,AR_COLLECTION,37120000,381937675,INV-2025-00045,Cash sale settlement
BANK-2025-00166,2025-05-15,SCB-CURR,IN,CUST-0035,AR_COLLECTION,4800000,386737675,INV-2025-00051,Cash sale settlement
BANK-2025-00167,2025-05-15,SCB-CURR,OUT,SUP-0028,ST_LOAN_REPAY,255000000,131737675,STLN-Q2,ST loan repayment
BANK-2025-00168,2025-05-15,SCB-CURR,IN,CUST-0001,AR_COLLECTION,1616316,133353991,INV-2025-00053,Cash sale settlement
BANK-2025-00169,2025-05-17,SCB-CURR,OUT,SUP-0007,AP_PAYMENT,336000,133017991,BILL-2025-00070,Paid per credit term
BANK-2025-00170,2025-05-19,SCB-CURR,OUT,SUP-0022,AP_PAYMENT,42000,132975991,BILL-2025-00074,Paid per credit term
BANK-2025-00171,2025-05-19,SCB-CURR,OUT,SUP-0021,AP_PAYMENT,63000,132912991,BILL-2025-00073,Paid per credit term
BANK-2025-00172,2025-05-20,SCB-CURR,IN,Various,OTHER_INCOME,1020689,133933680,OI-5,Insurance commission, scrap, misc
BANK-2025-00173,2025-05-21,SCB-CURR,OUT,SUP-0020,AP_PAYMENT,84000,133849680,BILL-2025-00075,Paid per credit term
BANK-2025-00174,2025-05-22,SCB-CURR,IN,CUST-0024,AR_COLLECTION,4350000,138199680,INV-2025-00039,Settled per credit term
BANK-2025-00175,2025-05-25,SCB-CURR,OUT,SUP-0025,AP_PAYMENT,462000,137737680,BILL-2025-00076,Paid per credit term
BANK-2025-00176,2025-05-27,SCB-CURR,IN,CUST-0019,AR_COLLECTION,1500000,139237680,INV-2025-00041,Settled per credit term
BANK-2025-00177,2025-05-28,SCB-CURR,IN,CUST-0007,AR_COLLECTION,10440000,149677680,INV-2025-00048,Settled per credit term
BANK-2025-00178,2025-05-28,SCB-CURR,OUT,SUP-0030,PAYROLL,7677818,141999862,PAYROLL-5,Monthly payroll
BANK-2025-00179,2025-05-30,SCB-CURR,OUT,SUP-0003,AP_PAYMENT,2625000,139374862,BILL-2025-00060,Paid per credit term
BANK-2025-00180,2025-05-30,SCB-CURR,IN,CUST-0005,AR_COLLECTION,17539200,156914062,INV-2025-00046,Settled per credit term
BANK-2025-00181,2025-05-30,SCB-CURR,OUT,SUP-0026,TAX,8000000,148914062,TAX-MAY,Half-year income tax
BANK-2025-00182,2025-06-01,SCB-CURR,OUT,SUP-0004,AP_PAYMENT,562500,148351562,BILL-2025-00061,Paid per credit term
BANK-2025-00183,2025-06-01,SCB-CURR,OUT,SUP-0016,LEASE_PAYMENT,1416227,146935335,LEASE-6,Right-of-use lease payment
BANK-2025-00184,2025-06-02,SCB-CURR,IN,CUST-0006,AR_COLLECTION,13780800,160716135,INV-2025-00047,Settled per credit term
BANK-2025-00185,2025-06-02,SCB-CURR,OUT,SUP-0011,AP_PAYMENT,126000,160590135,BILL-2025-00072,Paid per credit term
BANK-2025-00186,2025-06-02,SCB-CURR,OUT,SUP-0009,AP_PAYMENT,210000,160380135,BILL-2025-00071,Paid per credit term
BANK-2025-00187,2025-06-03,SCB-CURR,OUT,SUP-0005,AP_PAYMENT,562500,159817635,BILL-2025-00062,Paid per credit term
BANK-2025-00188,2025-06-04,SCB-CURR,IN,CUST-0022,AR_COLLECTION,4545890,164363525,INV-2025-00043,Settled per credit term
BANK-2025-00189,2025-06-05,SCB-CURR,OUT,SUP-0028,INTEREST,597048,163766477,INT-6,Bank loan interest
BANK-2025-00190,2025-06-07,SCB-CURR,IN,CUST-0039,AR_COLLECTION,1809485,165575962,INV-2025-00044,Settled per credit term
BANK-2025-00191,2025-06-09,SCB-CURR,OUT,SUP-0001,AP_PAYMENT,76000000,89575962,BILL-2025-00077,Paid per credit term
BANK-2025-00192,2025-06-10,SCB-CURR,OUT,SUP-0016,AP_PAYMENT,806400,88769562,BILL-2025-00082,Paid per credit term
BANK-2025-00193,2025-06-10,SCB-CURR,OUT,SUP-0017,AP_PAYMENT,313600,88455962,BILL-2025-00083,Paid per credit term
BANK-2025-00194,2025-06-11,SCB-CURR,OUT,SUP-0002,AP_PAYMENT,2828609,85627353,BILL-2025-00078,Paid per credit term
BANK-2025-00195,2025-06-12,SCB-CURR,OUT,SUP-0013,AP_PAYMENT,44800,85582553,BILL-2025-00085,Paid per credit term
BANK-2025-00196,2025-06-12,SCB-CURR,OUT,SUP-0014,AP_PAYMENT,67200,85515353,BILL-2025-00086,Paid per credit term
BANK-2025-00197,2025-06-12,SCB-CURR,OUT,SUP-0012,AP_PAYMENT,179200,85336153,BILL-2025-00084,Paid per credit term
BANK-2025-00198,2025-06-14,SCB-CURR,OUT,SUP-0023,AP_PAYMENT,537600,84798553,BILL-2025-00087,Paid per credit term
BANK-2025-00199,2025-06-14,SCB-CURR,OUT,SUP-0024,AP_PAYMENT,1120000,83678553,BILL-2025-00088,Paid per credit term
BANK-2025-00200,2025-06-15,SCB-CURR,IN,CUST-0001,AR_COLLECTION,39440000,123118553,INV-2025-00056,Cash sale settlement
BANK-2025-00201,2025-06-15,SCB-CURR,IN,CUST-0035,AR_COLLECTION,5100000,128218553,INV-2025-00062,Cash sale settlement
BANK-2025-00202,2025-06-15,SCB-CURR,IN,CUST-0001,AR_COLLECTION,1717336,129935889,INV-2025-00064,Cash sale settlement
BANK-2025-00203,2025-06-15,SCB-CURR,OUT,SUP-0020,CAPEX_INTANGIBLE,1134658,128801231,INTANG-2025,Software/IT system
BANK-2025-00204,2025-06-16,SCB-CURR,OUT,SUP-0007,AP_PAYMENT,358400,128442831,BILL-2025-00089,Paid per credit term
BANK-2025-00205,2025-06-18,SCB-CURR,OUT,SUP-0021,AP_PAYMENT,67200,128375631,BILL-2025-00092,Paid per credit term
BANK-2025-00206,2025-06-18,SCB-CURR,OUT,SUP-0022,AP_PAYMENT,44800,128330831,BILL-2025-00093,Paid per credit term
BANK-2025-00207,2025-06-20,SCB-CURR,IN,Various,OTHER_INCOME,1084482,129415313,OI-6,Insurance commission, scrap, misc
BANK-2025-00208,2025-06-20,SCB-CURR,OUT,SUP-0020,AP_PAYMENT,89600,129325713,BILL-2025-00094,Paid per credit term
BANK-2025-00209,2025-06-21,SCB-CURR,IN,CUST-0025,AR_COLLECTION,4640000,133965713,INV-2025-00050,Settled per credit term
BANK-2025-00210,2025-06-22,SCB-CURR,IN,CUST-0040,AR_COLLECTION,1930117,135895830,INV-2025-00055,Settled per credit term
BANK-2025-00211,2025-06-24,SCB-CURR,IN,CUST-0014,AR_COLLECTION,8700000,144595830,INV-2025-00038,Settled per credit term
BANK-2025-00212,2025-06-24,SCB-CURR,OUT,SUP-0025,AP_PAYMENT,492800,144103030,BILL-2025-00095,Paid per credit term
BANK-2025-00213,2025-06-25,SCB-CURR,IN,CUST-0009,AR_COLLECTION,14642100,158745130,INV-2025-00058,Settled per credit term
BANK-2025-00214,2025-06-28,SCB-CURR,OUT,SUP-0030,PAYROLL,8157681,150587449,PAYROLL-6,Monthly payroll
BANK-2025-00215,2025-06-29,SCB-CURR,OUT,SUP-0003,AP_PAYMENT,2800000,147787449,BILL-2025-00079,Paid per credit term
BANK-2025-00216,2025-06-30,SCB-CURR,IN,CUST-0008,AR_COLLECTION,18635400,166422849,INV-2025-00057,Settled per credit term
BANK-2025-00217,2025-06-30,SCB-CURR,OUT,SUP-0029,LT_LOAN_REPAY,5575000,160847849,LTLN-H1,LT loan installment H1
BANK-2025-00218,2025-07-01,SCB-CURR,OUT,SUP-0004,AP_PAYMENT,600000,160247849,BILL-2025-00080,Paid per credit term
BANK-2025-00219,2025-07-01,SCB-CURR,OUT,SUP-0016,LEASE_PAYMENT,1416227,158831622,LEASE-7,Right-of-use lease payment
BANK-2025-00220,2025-07-02,SCB-CURR,OUT,SUP-0011,AP_PAYMENT,134400,158697222,BILL-2025-00091,Paid per credit term
BANK-2025-00221,2025-07-02,SCB-CURR,OUT,SUP-0009,AP_PAYMENT,224000,158473222,BILL-2025-00090,Paid per credit term
BANK-2025-00222,2025-07-03,SCB-CURR,OUT,SUP-0005,AP_PAYMENT,600000,157873222,BILL-2025-00081,Paid per credit term
BANK-2025-00223,2025-07-04,SCB-CURR,IN,CUST-0023,AR_COLLECTION,4848949,162722171,INV-2025-00054,Settled per credit term
BANK-2025-00224,2025-07-05,SCB-CURR,OUT,SUP-0028,INTEREST,597048,162125123,INT-7,Bank loan interest
BANK-2025-00225,2025-07-06,SCB-CURR,IN,CUST-0010,AR_COLLECTION,11092500,173217623,INV-2025-00059,Settled per credit term
BANK-2025-00226,2025-07-10,SCB-CURR,IN,Various,DISPOSAL,3272996,176490619,DISP-2025,Sale of used equipment
BANK-2025-00227,2025-07-10,SCB-CURR,OUT,SUP-0001,AP_PAYMENT,80750000,95740619,BILL-2025-00096,Paid per credit term
BANK-2025-00228,2025-07-11,SCB-CURR,IN,CUST-0020,AR_COLLECTION,1600000,97340619,INV-2025-00052,Settled per credit term
BANK-2025-00229,2025-07-11,SCB-CURR,OUT,SUP-0017,AP_PAYMENT,333200,97007419,BILL-2025-00102,Paid per credit term
BANK-2025-00230,2025-07-11,SCB-CURR,OUT,SUP-0016,AP_PAYMENT,856800,96150619,BILL-2025-00101,Paid per credit term
BANK-2025-00231,2025-07-12,SCB-CURR,OUT,SUP-0002,AP_PAYMENT,3005398,93145221,BILL-2025-00097,Paid per credit term
BANK-2025-00232,2025-07-13,SCB-CURR,OUT,SUP-0013,AP_PAYMENT,47600,93097621,BILL-2025-00104,Paid per credit term
BANK-2025-00233,2025-07-13,SCB-CURR,OUT,SUP-0012,AP_PAYMENT,190400,92907221,BILL-2025-00103,Paid per credit term
BANK-2025-00234,2025-07-13,SCB-CURR,OUT,SUP-0014,AP_PAYMENT,71400,92835821,BILL-2025-00105,Paid per credit term
BANK-2025-00235,2025-07-15,SCB-CURR,IN,CUST-0001,AR_COLLECTION,39440000,132275821,INV-2025-00067,Cash sale settlement
BANK-2025-00236,2025-07-15,SCB-CURR,IN,SUP-0028,ST_LOAN_DRAW,230000000,362275821,STLN-Q3,ST loan facility draw
BANK-2025-00237,2025-07-15,SCB-CURR,IN,CUST-0035,AR_COLLECTION,5100000,367375821,INV-2025-00073,Cash sale settlement
BANK-2025-00238,2025-07-15,SCB-CURR,OUT,SUP-0024,AP_PAYMENT,1190000,366185821,BILL-2025-00107,Paid per credit term
BANK-2025-00239,2025-07-15,SCB-CURR,OUT,SUP-0023,AP_PAYMENT,571200,365614621,BILL-2025-00106,Paid per credit term
BANK-2025-00240,2025-07-15,SCB-CURR,IN,CUST-0001,AR_COLLECTION,1717336,367331957,INV-2025-00075,Cash sale settlement
BANK-2025-00241,2025-07-17,SCB-CURR,OUT,SUP-0007,AP_PAYMENT,380800,366951157,BILL-2025-00108,Paid per credit term
BANK-2025-00242,2025-07-19,SCB-CURR,OUT,SUP-0021,AP_PAYMENT,71400,366879757,BILL-2025-00111,Paid per credit term
BANK-2025-00243,2025-07-19,SCB-CURR,OUT,SUP-0022,AP_PAYMENT,47600,366832157,BILL-2025-00112,Paid per credit term
BANK-2025-00244,2025-07-20,SCB-CURR,IN,CUST-0024,AR_COLLECTION,5152008,371984165,INV-2025-00065,Settled per credit term
BANK-2025-00245,2025-07-20,SCB-CURR,IN,Various,OTHER_INCOME,1084482,373068647,OI-7,Insurance commission, scrap, misc
BANK-2025-00246,2025-07-21,SCB-CURR,OUT,SUP-0020,AP_PAYMENT,95200,372973447,BILL-2025-00113,Paid per credit term
BANK-2025-00247,2025-07-22,SCB-CURR,IN,CUST-0002,AR_COLLECTION,18635400,391608847,INV-2025-00068,Settled per credit term
BANK-2025-00248,2025-07-22,SCB-CURR,IN,CUST-0041,AR_COLLECTION,4930000,396538847,INV-2025-00061,Settled per credit term
BANK-2025-00249,2025-07-23,SCB-CURR,IN,CUST-0036,AR_COLLECTION,2050750,398589597,INV-2025-00066,Settled per credit term
BANK-2025-00250,2025-07-24,SCB-CURR,IN,CUST-0015,AR_COLLECTION,9280000,407869597,INV-2025-00049,Settled per credit term
BANK-2025-00251,2025-07-25,SCB-CURR,IN,CUST-0003,AR_COLLECTION,14642100,422511697,INV-2025-00069,Settled per credit term
BANK-2025-00252,2025-07-25,SCB-CURR,OUT,SUP-0025,AP_PAYMENT,523600,421988097,BILL-2025-00114,Paid per credit term
BANK-2025-00253,2025-07-28,SCB-CURR,IN,CUST-0004,AR_COLLECTION,11092500,433080597,INV-2025-00070,Settled per credit term
BANK-2025-00254,2025-07-28,SCB-CURR,OUT,SUP-0030,PAYROLL,8157681,424922916,PAYROLL-7,Monthly payroll
BANK-2025-00255,2025-07-30,SCB-CURR,OUT,SUP-0003,AP_PAYMENT,2975000,421947916,BILL-2025-00098,Paid per credit term
BANK-2025-00256,2025-08-01,SCB-CURR,OUT,SUP-0016,LEASE_PAYMENT,1416227,420531689,LEASE-8,Right-of-use lease payment
BANK-2025-00257,2025-08-01,SCB-CURR,OUT,SUP-0004,AP_PAYMENT,637500,419894189,BILL-2025-00099,Paid per credit term
BANK-2025-00258,2025-08-02,SCB-CURR,OUT,SUP-0011,AP_PAYMENT,142800,419751389,BILL-2025-00110,Paid per credit term
BANK-2025-00259,2025-08-02,SCB-CURR,OUT,SUP-0009,AP_PAYMENT,238000,419513389,BILL-2025-00109,Paid per credit term
BANK-2025-00260,2025-08-03,SCB-CURR,OUT,SUP-0005,AP_PAYMENT,637500,418875889,BILL-2025-00100,Paid per credit term
BANK-2025-00261,2025-08-05,SCB-CURR,OUT,SUP-0028,INTEREST,597048,418278841,INT-8,Bank loan interest
BANK-2025-00262,2025-08-09,SCB-CURR,IN,CUST-0016,AR_COLLECTION,9860000,428138841,INV-2025-00060,Settled per credit term
BANK-2025-00263,2025-08-09,SCB-CURR,OUT,SUP-0001,AP_PAYMENT,80750000,347388841,BILL-2025-00115,Paid per credit term
BANK-2025-00264,2025-08-10,SCB-CURR,OUT,SUP-0016,AP_PAYMENT,856800,346532041,BILL-2025-00120,Paid per credit term
BANK-2025-00265,2025-08-10,SCB-CURR,OUT,SUP-0017,AP_PAYMENT,333200,346198841,BILL-2025-00121,Paid per credit term
BANK-2025-00266,2025-08-11,SCB-CURR,OUT,SUP-0002,AP_PAYMENT,3005398,343193443,BILL-2025-00116,Paid per credit term
BANK-2025-00267,2025-08-12,SCB-CURR,OUT,SUP-0014,AP_PAYMENT,71400,343122043,BILL-2025-00124,Paid per credit term
BANK-2025-00268,2025-08-12,SCB-CURR,OUT,SUP-0012,AP_PAYMENT,190400,342931643,BILL-2025-00122,Paid per credit term
BANK-2025-00269,2025-08-12,SCB-CURR,OUT,SUP-0013,AP_PAYMENT,47600,342884043,BILL-2025-00123,Paid per credit term
BANK-2025-00270,2025-08-14,SCB-CURR,OUT,SUP-0023,AP_PAYMENT,571200,342312843,BILL-2025-00125,Paid per credit term
BANK-2025-00271,2025-08-14,SCB-CURR,OUT,SUP-0024,AP_PAYMENT,1190000,341122843,BILL-2025-00126,Paid per credit term
BANK-2025-00272,2025-08-15,SCB-CURR,OUT,SUP-0028,ST_LOAN_REPAY,255000000,86122843,STLN-Q4,ST loan repayment
BANK-2025-00273,2025-08-15,SCB-CURR,IN,CUST-0001,AR_COLLECTION,39440000,125562843,INV-2025-00078,Cash sale settlement
BANK-2025-00274,2025-08-15,SCB-CURR,IN,CUST-0001,AR_COLLECTION,1717336,127280179,INV-2025-00086,Cash sale settlement
BANK-2025-00275,2025-08-15,SCB-CURR,IN,CUST-0035,AR_COLLECTION,5100000,132380179,INV-2025-00084,Cash sale settlement
BANK-2025-00276,2025-08-16,SCB-CURR,OUT,SUP-0007,AP_PAYMENT,380800,131999379,BILL-2025-00127,Paid per credit term
BANK-2025-00277,2025-08-18,SCB-CURR,OUT,SUP-0021,AP_PAYMENT,71400,131927979,BILL-2025-00130,Paid per credit term
BANK-2025-00278,2025-08-18,SCB-CURR,OUT,SUP-0022,AP_PAYMENT,47600,131880379,BILL-2025-00131,Paid per credit term
BANK-2025-00279,2025-08-19,SCB-CURR,IN,CUST-0025,AR_COLLECTION,5152008,137032387,INV-2025-00076,Settled per credit term
BANK-2025-00280,2025-08-20,SCB-CURR,OUT,SUP-0020,AP_PAYMENT,95200,136937187,BILL-2025-00132,Paid per credit term
BANK-2025-00281,2025-08-20,SCB-CURR,IN,Various,OTHER_INCOME,1084482,138021669,OI-8,Insurance commission, scrap, misc
BANK-2025-00282,2025-08-21,SCB-CURR,IN,CUST-0042,AR_COLLECTION,4930000,142951669,INV-2025-00072,Settled per credit term
BANK-2025-00283,2025-08-22,SCB-CURR,IN,CUST-0037,AR_COLLECTION,2050750,145002419,INV-2025-00077,Settled per credit term
BANK-2025-00284,2025-08-24,SCB-CURR,OUT,SUP-0025,AP_PAYMENT,523600,144478819,BILL-2025-00133,Paid per credit term
BANK-2025-00285,2025-08-28,SCB-CURR,IN,CUST-0007,AR_COLLECTION,11092500,155571319,INV-2025-00081,Settled per credit term
BANK-2025-00286,2025-08-28,SCB-CURR,OUT,SUP-0030,PAYROLL,8157681,147413638,PAYROLL-8,Monthly payroll
BANK-2025-00287,2025-08-29,SCB-CURR,OUT,SUP-0003,AP_PAYMENT,2975000,144438638,BILL-2025-00117,Paid per credit term
BANK-2025-00288,2025-08-30,SCB-CURR,IN,CUST-0005,AR_COLLECTION,18635400,163074038,INV-2025-00079,Settled per credit term
BANK-2025-00289,2025-08-31,SCB-CURR,OUT,SUP-0004,AP_PAYMENT,637500,162436538,BILL-2025-00118,Paid per credit term
BANK-2025-00290,2025-09-01,SCB-CURR,OUT,SUP-0011,AP_PAYMENT,142800,162293738,BILL-2025-00129,Paid per credit term
BANK-2025-00291,2025-09-01,SCB-CURR,OUT,SUP-0009,AP_PAYMENT,238000,162055738,BILL-2025-00128,Paid per credit term
BANK-2025-00292,2025-09-01,SCB-CURR,OUT,SUP-0016,LEASE_PAYMENT,1499534,160556204,LEASE-9,Right-of-use lease payment
BANK-2025-00293,2025-09-02,SCB-CURR,OUT,SUP-0005,AP_PAYMENT,637500,159918704,BILL-2025-00119,Paid per credit term
BANK-2025-00294,2025-09-02,SCB-CURR,IN,CUST-0006,AR_COLLECTION,14642100,174560804,INV-2025-00080,Settled per credit term
BANK-2025-00295,2025-09-05,SCB-CURR,OUT,SUP-0028,INTEREST,632168,173928636,INT-9,Bank loan interest
BANK-2025-00296,2025-09-08,SCB-CURR,IN,CUST-0017,AR_COLLECTION,9860000,183788636,INV-2025-00071,Settled per credit term
BANK-2025-00297,2025-09-09,SCB-CURR,OUT,SUP-0001,AP_PAYMENT,80750000,103038636,BILL-2025-00134,Paid per credit term
BANK-2025-00298,2025-09-10,SCB-CURR,OUT,SUP-0016,AP_PAYMENT,856800,102181836,BILL-2025-00139,Paid per credit term
BANK-2025-00299,2025-09-10,SCB-CURR,OUT,SUP-0017,AP_PAYMENT,333200,101848636,BILL-2025-00140,Paid per credit term
BANK-2025-00300,2025-09-11,SCB-CURR,OUT,SUP-0002,AP_PAYMENT,3005398,98843238,BILL-2025-00135,Paid per credit term
BANK-2025-00301,2025-09-12,SCB-CURR,OUT,SUP-0012,AP_PAYMENT,190400,98652838,BILL-2025-00141,Paid per credit term
BANK-2025-00302,2025-09-12,SCB-CURR,OUT,SUP-0013,AP_PAYMENT,47600,98605238,BILL-2025-00142,Paid per credit term
BANK-2025-00303,2025-09-12,SCB-CURR,OUT,SUP-0014,AP_PAYMENT,71400,98533838,BILL-2025-00143,Paid per credit term
BANK-2025-00304,2025-09-14,SCB-CURR,OUT,SUP-0024,AP_PAYMENT,1190000,97343838,BILL-2025-00145,Paid per credit term
BANK-2025-00305,2025-09-14,SCB-CURR,OUT,SUP-0023,AP_PAYMENT,571200,96772638,BILL-2025-00144,Paid per credit term
BANK-2025-00306,2025-09-15,SCB-CURR,IN,CUST-0001,AR_COLLECTION,1818356,98590994,INV-2025-00097,Cash sale settlement
BANK-2025-00307,2025-09-15,SCB-CURR,OUT,SUP-0019,CAPEX,1563493,97027501,CAPEX-EQ-2,Workshop tools upgrade
BANK-2025-00308,2025-09-15,SCB-CURR,IN,CUST-0001,AR_COLLECTION,41760000,138787501,INV-2025-00089,Cash sale settlement
BANK-2025-00309,2025-09-15,SCB-CURR,IN,CUST-0035,AR_COLLECTION,5400000,144187501,INV-2025-00095,Cash sale settlement
BANK-2025-00310,2025-09-15,SCB-CURR,IN,SUP-0028,ST_LOAN_DRAW,230000000,374187501,STLN-Q5,ST loan facility draw
BANK-2025-00311,2025-09-16,SCB-CURR,OUT,SUP-0007,AP_PAYMENT,380800,373806701,BILL-2025-00146,Paid per credit term
BANK-2025-00312,2025-09-18,SCB-CURR,OUT,SUP-0021,AP_PAYMENT,71400,373735301,BILL-2025-00149,Paid per credit term
BANK-2025-00313,2025-09-18,SCB-CURR,OUT,SUP-0022,AP_PAYMENT,47600,373687701,BILL-2025-00150,Paid per credit term
BANK-2025-00314,2025-09-19,SCB-CURR,IN,CUST-0041,AR_COLLECTION,5152008,378839709,INV-2025-00087,Settled per credit term
BANK-2025-00315,2025-09-20,SCB-CURR,OUT,SUP-0020,AP_PAYMENT,95200,378744509,BILL-2025-00151,Paid per credit term
BANK-2025-00316,2025-09-20,SCB-CURR,IN,Various,OTHER_INCOME,1148276,379892785,OI-9,Insurance commission, scrap, misc
BANK-2025-00317,2025-09-22,SCB-CURR,IN,CUST-0038,AR_COLLECTION,2050750,381943535,INV-2025-00088,Settled per credit term
BANK-2025-00318,2025-09-24,SCB-CURR,OUT,SUP-0025,AP_PAYMENT,523600,381419935,BILL-2025-00152,Paid per credit term
BANK-2025-00319,2025-09-24,SCB-CURR,IN,CUST-0018,AR_COLLECTION,9860000,391279935,INV-2025-00082,Settled per credit term
BANK-2025-00320,2025-09-25,SCB-CURR,IN,CUST-0009,AR_COLLECTION,15503400,406783335,INV-2025-00091,Settled per credit term
BANK-2025-00321,2025-09-25,SCB-CURR,IN,CUST-0043,AR_COLLECTION,1700000,408483335,INV-2025-00063,Settled per credit term
BANK-2025-00322,2025-09-28,SCB-CURR,OUT,SUP-0030,PAYROLL,8637545,399845790,PAYROLL-9,Monthly payroll
BANK-2025-00323,2025-09-29,SCB-CURR,OUT,SUP-0003,AP_PAYMENT,2975000,396870790,BILL-2025-00136,Paid per credit term
BANK-2025-00324,2025-09-30,SCB-CURR,IN,CUST-0008,AR_COLLECTION,19731600,416602390,INV-2025-00090,Settled per credit term
BANK-2025-00325,2025-10-01,SCB-CURR,OUT,SUP-0004,AP_PAYMENT,637500,415964890,BILL-2025-00137,Paid per credit term
BANK-2025-00326,2025-10-01,SCB-CURR,OUT,SUP-0016,LEASE_PAYMENT,1499534,414465356,LEASE-10,Right-of-use lease payment
BANK-2025-00327,2025-10-02,SCB-CURR,OUT,SUP-0009,AP_PAYMENT,238000,414227356,BILL-2025-00147,Paid per credit term
BANK-2025-00328,2025-10-02,SCB-CURR,OUT,SUP-0011,AP_PAYMENT,142800,414084556,BILL-2025-00148,Paid per credit term
BANK-2025-00329,2025-10-03,SCB-CURR,OUT,SUP-0005,AP_PAYMENT,637500,413447056,BILL-2025-00138,Paid per credit term
BANK-2025-00330,2025-10-05,SCB-CURR,OUT,SUP-0028,INTEREST,632168,412814888,INT-10,Bank loan interest
BANK-2025-00331,2025-10-06,SCB-CURR,IN,CUST-0021,AR_COLLECTION,4930000,417744888,INV-2025-00083,Settled per credit term
BANK-2025-00332,2025-10-06,SCB-CURR,IN,CUST-0010,AR_COLLECTION,11745000,429489888,INV-2025-00092,Settled per credit term
BANK-2025-00333,2025-10-10,SCB-CURR,OUT,SUP-0001,AP_PAYMENT,85500000,343989888,BILL-2025-00153,Paid per credit term
BANK-2025-00334,2025-10-11,SCB-CURR,OUT,SUP-0017,AP_PAYMENT,352800,343637088,BILL-2025-00159,Paid per credit term
BANK-2025-00335,2025-10-11,SCB-CURR,OUT,SUP-0016,AP_PAYMENT,907200,342729888,BILL-2025-00158,Paid per credit term
BANK-2025-00336,2025-10-12,SCB-CURR,OUT,SUP-0002,AP_PAYMENT,3182186,339547702,BILL-2025-00154,Paid per credit term
BANK-2025-00337,2025-10-13,SCB-CURR,OUT,SUP-0013,AP_PAYMENT,50400,339497302,BILL-2025-00161,Paid per credit term
BANK-2025-00338,2025-10-13,SCB-CURR,OUT,SUP-0014,AP_PAYMENT,75600,339421702,BILL-2025-00162,Paid per credit term
BANK-2025-00339,2025-10-13,SCB-CURR,OUT,SUP-0012,AP_PAYMENT,201600,339220102,BILL-2025-00160,Paid per credit term
BANK-2025-00340,2025-10-15,SCB-CURR,IN,CUST-0001,AR_COLLECTION,41760000,380980102,INV-2025-00100,Cash sale settlement
BANK-2025-00341,2025-10-15,SCB-CURR,IN,CUST-0001,AR_COLLECTION,1818356,382798458,INV-2025-00108,Cash sale settlement
BANK-2025-00342,2025-10-15,SCB-CURR,IN,CUST-0035,AR_COLLECTION,5400000,388198458,INV-2025-00106,Cash sale settlement
BANK-2025-00343,2025-10-15,SCB-CURR,OUT,SUP-0024,AP_PAYMENT,1260000,386938458,BILL-2025-00164,Paid per credit term
BANK-2025-00344,2025-10-15,SCB-CURR,OUT,SUP-0028,ST_LOAN_REPAY,255000000,131938458,STLN-Q6,ST loan repayment
BANK-2025-00345,2025-10-15,SCB-CURR,OUT,SUP-0023,AP_PAYMENT,604800,131333658,BILL-2025-00163,Paid per credit term
BANK-2025-00346,2025-10-17,SCB-CURR,OUT,SUP-0007,AP_PAYMENT,403200,130930458,BILL-2025-00165,Paid per credit term
BANK-2025-00347,2025-10-19,SCB-CURR,OUT,SUP-0021,AP_PAYMENT,75600,130854858,BILL-2025-00168,Paid per credit term
BANK-2025-00348,2025-10-19,SCB-CURR,OUT,SUP-0022,AP_PAYMENT,50400,130804458,BILL-2025-00169,Paid per credit term
BANK-2025-00349,2025-10-20,SCB-CURR,IN,CUST-0042,AR_COLLECTION,5455067,136259525,INV-2025-00098,Settled per credit term
BANK-2025-00350,2025-10-20,SCB-CURR,IN,Various,OTHER_INCOME,1148276,137407801,OI-10,Insurance commission, scrap, misc
BANK-2025-00351,2025-10-21,SCB-CURR,OUT,SUP-0020,AP_PAYMENT,100800,137307001,BILL-2025-00170,Paid per credit term
BANK-2025-00352,2025-10-22,SCB-CURR,IN,CUST-0002,AR_COLLECTION,19731600,157038601,INV-2025-00101,Settled per credit term
BANK-2025-00353,2025-10-25,SCB-CURR,IN,CUST-0044,AR_COLLECTION,1700000,158738601,INV-2025-00074,Settled per credit term
BANK-2025-00354,2025-10-25,SCB-CURR,IN,CUST-0003,AR_COLLECTION,15503400,174242001,INV-2025-00102,Settled per credit term
BANK-2025-00355,2025-10-25,SCB-CURR,OUT,SUP-0025,AP_PAYMENT,554400,173687601,BILL-2025-00171,Paid per credit term
BANK-2025-00356,2025-10-25,SCB-CURR,IN,CUST-0019,AR_COLLECTION,10440000,184127601,INV-2025-00093,Settled per credit term
BANK-2025-00357,2025-10-26,SCB-CURR,IN,CUST-0045,AR_COLLECTION,1700000,185827601,INV-2025-00085,Settled per credit term
BANK-2025-00358,2025-10-28,SCB-CURR,IN,CUST-0004,AR_COLLECTION,11745000,197572601,INV-2025-00103,Settled per credit term
BANK-2025-00359,2025-10-28,SCB-CURR,OUT,SUP-0030,PAYROLL,8637545,188935056,PAYROLL-10,Monthly payroll
BANK-2025-00360,2025-10-30,SCB-CURR,OUT,SUP-0003,AP_PAYMENT,3150000,185785056,BILL-2025-00155,Paid per credit term
BANK-2025-00361,2025-11-01,SCB-CURR,OUT,SUP-0004,AP_PAYMENT,675000,185110056,BILL-2025-00156,Paid per credit term
BANK-2025-00362,2025-11-01,SCB-CURR,OUT,SUP-0016,LEASE_PAYMENT,1499534,183610522,LEASE-11,Right-of-use lease payment
BANK-2025-00363,2025-11-02,SCB-CURR,OUT,SUP-0009,AP_PAYMENT,252000,183358522,BILL-2025-00166,Paid per credit term
BANK-2025-00364,2025-11-02,SCB-CURR,OUT,SUP-0011,AP_PAYMENT,151200,183207322,BILL-2025-00167,Paid per credit term
BANK-2025-00365,2025-11-03,SCB-CURR,OUT,SUP-0005,AP_PAYMENT,675000,182532322,BILL-2025-00157,Paid per credit term
BANK-2025-00366,2025-11-05,SCB-CURR,OUT,SUP-0028,INTEREST,632168,181900154,INT-11,Bank loan interest
BANK-2025-00367,2025-11-06,SCB-CURR,IN,CUST-0022,AR_COLLECTION,5220000,187120154,INV-2025-00094,Settled per credit term
BANK-2025-00368,2025-11-07,SCB-CURR,IN,CUST-0039,AR_COLLECTION,2171382,189291536,INV-2025-00099,Settled per credit term
BANK-2025-00369,2025-11-09,SCB-CURR,OUT,SUP-0001,AP_PAYMENT,85500000,103791536,BILL-2025-00172,Paid per credit term
BANK-2025-00370,2025-11-10,SCB-CURR,OUT,SUP-0017,AP_PAYMENT,352800,103438736,BILL-2025-00178,Paid per credit term
BANK-2025-00371,2025-11-10,SCB-CURR,OUT,SUP-0016,AP_PAYMENT,907200,102531536,BILL-2025-00177,Paid per credit term
BANK-2025-00372,2025-11-11,SCB-CURR,OUT,SUP-0002,AP_PAYMENT,3182186,99349350,BILL-2025-00173,Paid per credit term
BANK-2025-00373,2025-11-11,SCB-CURR,IN,CUST-0048,AR_COLLECTION,1800000,101149350,INV-2025-00096,Settled per credit term
BANK-2025-00374,2025-11-12,SCB-CURR,OUT,SUP-0012,AP_PAYMENT,201600,100947750,BILL-2025-00179,Paid per credit term
BANK-2025-00375,2025-11-12,SCB-CURR,OUT,SUP-0014,AP_PAYMENT,75600,100872150,BILL-2025-00181,Paid per credit term
BANK-2025-00376,2025-11-12,SCB-CURR,OUT,SUP-0013,AP_PAYMENT,50400,100821750,BILL-2025-00180,Paid per credit term
BANK-2025-00377,2025-11-14,SCB-CURR,OUT,SUP-0024,AP_PAYMENT,1260000,99561750,BILL-2025-00183,Paid per credit term
BANK-2025-00378,2025-11-14,SCB-CURR,OUT,SUP-0023,AP_PAYMENT,604800,98956950,BILL-2025-00182,Paid per credit term
BANK-2025-00379,2025-11-15,SCB-CURR,IN,SUP-0028,ST_LOAN_DRAW,230000000,328956950,STLN-Q7,ST loan facility draw
BANK-2025-00380,2025-11-15,SCB-CURR,IN,CUST-0035,AR_COLLECTION,5400000,334356950,INV-2025-00117,Cash sale settlement
BANK-2025-00381,2025-11-15,SCB-CURR,IN,CUST-0001,AR_COLLECTION,1818356,336175306,INV-2025-00119,Cash sale settlement
BANK-2025-00382,2025-11-15,SCB-CURR,IN,CUST-0001,AR_COLLECTION,41760000,377935306,INV-2025-00111,Cash sale settlement
BANK-2025-00383,2025-11-16,SCB-CURR,OUT,SUP-0007,AP_PAYMENT,403200,377532106,BILL-2025-00184,Paid per credit term
BANK-2025-00384,2025-11-18,SCB-CURR,OUT,SUP-0022,AP_PAYMENT,50400,377481706,BILL-2025-00188,Paid per credit term
BANK-2025-00385,2025-11-18,SCB-CURR,OUT,SUP-0021,AP_PAYMENT,75600,377406106,BILL-2025-00187,Paid per credit term
BANK-2025-00386,2025-11-19,SCB-CURR,IN,CUST-0033,AR_COLLECTION,5455067,382861173,INV-2025-00109,Settled per credit term
BANK-2025-00387,2025-11-20,SCB-CURR,OUT,SUP-0020,AP_PAYMENT,100800,382760373,BILL-2025-00189,Paid per credit term
BANK-2025-00388,2025-11-20,SCB-CURR,IN,Various,OTHER_INCOME,1148276,383908649,OI-11,Insurance commission, scrap, misc
BANK-2025-00389,2025-11-22,SCB-CURR,IN,CUST-0040,AR_COLLECTION,2171382,386080031,INV-2025-00110,Settled per credit term
BANK-2025-00390,2025-11-24,SCB-CURR,OUT,SUP-0025,AP_PAYMENT,554400,385525631,BILL-2025-00190,Paid per credit term
BANK-2025-00391,2025-11-28,SCB-CURR,OUT,SUP-0026,TAX,8154376,377371255,TAX-NOV,Annual income tax balance
BANK-2025-00392,2025-11-28,SCB-CURR,OUT,SUP-0030,PAYROLL,8637545,368733710,PAYROLL-11,Monthly payroll
BANK-2025-00393,2025-11-28,SCB-CURR,IN,CUST-0007,AR_COLLECTION,11745000,380478710,INV-2025-00114,Settled per credit term
BANK-2025-00394,2025-11-29,SCB-CURR,OUT,SUP-0003,AP_PAYMENT,3150000,377328710,BILL-2025-00174,Paid per credit term
BANK-2025-00395,2025-11-30,SCB-CURR,IN,CUST-0005,AR_COLLECTION,19731600,397060310,INV-2025-00112,Settled per credit term
BANK-2025-00396,2025-12-01,SCB-CURR,OUT,SUP-0016,LEASE_PAYMENT,1499532,395560778,LEASE-12,Right-of-use lease payment
BANK-2025-00397,2025-12-01,SCB-CURR,OUT,SUP-0004,AP_PAYMENT,675000,394885778,BILL-2025-00175,Paid per credit term
BANK-2025-00398,2025-12-02,SCB-CURR,OUT,SUP-0009,AP_PAYMENT,252000,394633778,BILL-2025-00185,Paid per credit term
BANK-2025-00399,2025-12-02,SCB-CURR,OUT,SUP-0011,AP_PAYMENT,151200,394482578,BILL-2025-00186,Paid per credit term
BANK-2025-00400,2025-12-03,SCB-CURR,IN,CUST-0006,AR_COLLECTION,15503400,409985978,INV-2025-00113,Settled per credit term
BANK-2025-00401,2025-12-03,SCB-CURR,OUT,SUP-0005,AP_PAYMENT,675000,409310978,BILL-2025-00176,Paid per credit term
BANK-2025-00402,2025-12-05,SCB-CURR,OUT,SUP-0028,INTEREST,632169,408678809,INT-12,Bank loan interest
BANK-2025-00403,2025-12-06,SCB-CURR,IN,CUST-0023,AR_COLLECTION,5220000,413898809,INV-2025-00105,Settled per credit term
BANK-2025-00404,2025-12-09,SCB-CURR,IN,CUST-0020,AR_COLLECTION,10440000,424338809,INV-2025-00104,Settled per credit term
BANK-2025-00405,2025-12-10,SCB-CURR,OUT,SUP-0001,AP_PAYMENT,85500000,338838809,BILL-2025-00191,Paid per credit term
BANK-2025-00406,2025-12-11,SCB-CURR,IN,CUST-0049,AR_COLLECTION,1800000,340638809,INV-2025-00107,Settled per credit term
BANK-2025-00407,2025-12-11,SCB-CURR,OUT,SUP-0017,AP_PAYMENT,352800,340286009,BILL-2025-00197,Paid per credit term
BANK-2025-00408,2025-12-11,SCB-CURR,OUT,SUP-0016,AP_PAYMENT,907200,339378809,BILL-2025-00196,Paid per credit term
BANK-2025-00409,2025-12-12,SCB-CURR,OUT,SUP-0002,AP_PAYMENT,3182186,336196623,BILL-2025-00192,Paid per credit term
BANK-2025-00410,2025-12-13,SCB-CURR,OUT,SUP-0013,AP_PAYMENT,50400,336146223,BILL-2025-00199,Paid per credit term
BANK-2025-00411,2025-12-13,SCB-CURR,OUT,SUP-0012,AP_PAYMENT,201600,335944623,BILL-2025-00198,Paid per credit term
BANK-2025-00412,2025-12-13,SCB-CURR,OUT,SUP-0014,AP_PAYMENT,75600,335869023,BILL-2025-00200,Paid per credit term
BANK-2025-00413,2025-12-15,SCB-CURR,OUT,SUP-0024,AP_PAYMENT,1260000,334609023,BILL-2025-00202,Paid per credit term
BANK-2025-00414,2025-12-15,SCB-CURR,OUT,SUP-0023,AP_PAYMENT,604800,334004223,BILL-2025-00201,Paid per credit term
BANK-2025-00415,2025-12-15,SCB-CURR,IN,CUST-0001,AR_COLLECTION,1818355,335822578,INV-2025-00130,Cash sale settlement
BANK-2025-00416,2025-12-15,SCB-CURR,IN,CUST-0035,AR_COLLECTION,5400000,341222578,INV-2025-00128,Cash sale settlement
BANK-2025-00417,2025-12-15,SCB-CURR,IN,CUST-0001,AR_COLLECTION,41760000,382982578,INV-2025-00122,Cash sale settlement
BANK-2025-00418,2025-12-15,SCB-CURR,OUT,SUP-0028,ST_LOAN_REPAY,255000000,127982578,STLN-Q8,ST loan repayment
BANK-2025-00419,2025-12-17,SCB-CURR,OUT,SUP-0007,AP_PAYMENT,403200,127579378,BILL-2025-00203,Paid per credit term
BANK-2025-00420,2025-12-19,SCB-CURR,OUT,SUP-0022,AP_PAYMENT,50400,127528978,BILL-2025-00207,Paid per credit term
BANK-2025-00421,2025-12-19,SCB-CURR,OUT,SUP-0021,AP_PAYMENT,75600,127453378,BILL-2025-00206,Paid per credit term
BANK-2025-00422,2025-12-20,SCB-CURR,IN,CUST-0034,AR_COLLECTION,5455067,132908445,INV-2025-00120,Settled per credit term
BANK-2025-00423,2025-12-20,SCB-CURR,IN,Various,OTHER_INCOME,1148277,134056722,OI-12,Insurance commission, scrap, misc
BANK-2025-00424,2025-12-21,SCB-CURR,OUT,SUP-0020,AP_PAYMENT,100800,133955922,BILL-2025-00208,Paid per credit term
BANK-2025-00425,2025-12-22,SCB-CURR,IN,CUST-0024,AR_COLLECTION,5220000,139175922,INV-2025-00116,Settled per credit term
BANK-2025-00426,2025-12-23,SCB-CURR,IN,CUST-0036,AR_COLLECTION,2171382,141347304,INV-2025-00121,Settled per credit term
BANK-2025-00427,2025-12-25,SCB-CURR,OUT,SUP-0025,AP_PAYMENT,554400,140792904,BILL-2025-00209,Paid per credit term
BANK-2025-00428,2025-12-25,SCB-CURR,IN,CUST-0009,AR_COLLECTION,15503400,156296304,INV-2025-00124,Settled per credit term
BANK-2025-00429,2025-12-27,SCB-CURR,IN,CUST-0050,AR_COLLECTION,1800000,158096304,INV-2025-00118,Settled per credit term
BANK-2025-00430,2025-12-28,SCB-CURR,OUT,SUP-0030,PAYROLL,8637546,149458758,PAYROLL-12,Monthly payroll
BANK-2025-00431,2025-12-30,SCB-CURR,OUT,SUP-0003,AP_PAYMENT,3150000,146308758,BILL-2025-00193,Paid per credit term
BANK-2025-00432,2025-12-30,SCB-CURR,OUT,SUP-0029,LT_LOAN_REPAY,5575000,140733758,LTLN-H2,LT loan installment H2
BANK-2025-00433,2025-12-30,SCB-CURR,IN,CUST-0008,AR_COLLECTION,19731600,160465358,INV-2025-00123,Settled per credit term
BANK-2025-00434,2025-12-31,SCB-CURR,IN,Banks,INTEREST_INCOME,491541,160956899,INT-INC,Interest income from deposits
BANK-2025-00435,2026-01-01,SCB-CURR,OUT,SUP-0004,AP_PAYMENT,675000,160281899,BILL-2025-00194,Paid per credit term
BANK-2025-00436,2026-01-02,SCB-CURR,OUT,SUP-0011,AP_PAYMENT,151200,160130699,BILL-2025-00205,Paid per credit term
BANK-2025-00437,2026-01-02,SCB-CURR,OUT,SUP-0009,AP_PAYMENT,252000,159878699,BILL-2025-00204,Paid per credit term
BANK-2025-00438,2026-01-03,SCB-CURR,OUT,SUP-0005,AP_PAYMENT,675000,159203699,BILL-2025-00195,Paid per credit term
BANK-2025-00439,2026-01-05,SCB-CURR,IN,CUST-0010,AR_COLLECTION,11745000,170948699,INV-2025-00125,Settled per credit term
BANK-2025-00440,2026-01-09,SCB-CURR,OUT,SUP-0001,AP_PAYMENT,11125084,159823615,BILL-2025-00210,Partial payment
BANK-2025-00441,2026-01-21,SCB-CURR,IN,CUST-0025,AR_COLLECTION,5220000,165043615,INV-2025-00127,Settled per credit term
BANK-2025-00442,2026-01-22,SCB-CURR,IN,CUST-0037,AR_COLLECTION,2171382,167214997,INV-2025-00132,Settled per credit term
BANK-2025-00443,2026-01-26,SCB-CURR,IN,CUST-0011,AR_COLLECTION,1800000,169014997,INV-2025-00129,Settled per credit term
BANK-2025-00444,2026-02-03,SCB-CURR,IN,CUST-0021,AR_COLLECTION,4728172,173743169,INV-2025-00131,Partial settlement
