account_code,account_name_th,sub_caption_th,fs_caption_th,bs_class,cf_category,acg_dec25,hmw_dec25,clik_dec25,conso_dec25,acg_mar26,hmw_mar26,clik_mar26,conso_mar26,companies_active
11111010,เงินสดในมือ,เงินสดในมือ,เงินสดและรายการเทียบเท่าเงินสด,Asset,Cash & Bank,0,48845.93,76159.97,125005.9,0,460.74,718.38,1179.12,"HMW,CLIK"
11111020,เงินสดย่อย,เงินสดในมือ,เงินสดและรายการเทียบเท่าเงินสด,Asset,Cash & Bank,4678.5,78641.97,42281.36,125601.83,44.13,741.7914999999999,398.8196,1184.7411,"ACG,HMW,CLIK"
11111030,เช็คในมือ,เงินสดในมือ,เงินสดและรายการเทียบเท่าเงินสด,Asset,Cash & Bank,0,0,0,0,0,0,0,0,-
11112010,กสิกรไทย-กระแสรายวัน,เงินฝากกระแสรายวัน,เงินสดและรายการเทียบเท่าเงินสด,Asset,Cash & Bank,0,791496.25,84813.01,876309.26,0,7465.800000000149,800,8265.800000000148,"HMW,CLIK"
11112011,กสิกรไทย-กระแสรายวัน,เงินฝากกระแสรายวัน,เงินสดและรายการเทียบเท่าเงินสด,Asset,Cash & Bank,29933.69,0,99176.1,129109.79,282.35,0,935.48,1217.83,"ACG,CLIK"
11112021,กรุงไทย-กระแสรายวัน-984-0-73223-4,เงินฝากกระแสรายวัน,เงินสดและรายการเทียบเท่าเงินสด,Asset,Cash & Bank,0,1060.16,0,1060.16,0,10,0,10,HMW
11112023,กรุงไทย-กระแสรายวัน-382-6-00268-7,เงินฝากกระแสรายวัน,เงินสดและรายการเทียบเท่าเงินสด,Asset,Cash & Bank,1262.87,0,0,1262.87,11.912,0,0,11.912,ACG
11112030,กรุงเทพ-กระแสรายวัน-264-308558-8,เงินฝากกระแสรายวัน,เงินสดและรายการเทียบเท่าเงินสด,Asset,Cash & Bank,0,0.53,0,0.53,0,0.005,0,0.005,HMW
11112040,กรุงเทพ-กระแสรายวัน-264-308559-6,เงินฝากกระแสรายวัน,เงินสดและรายการเทียบเท่าเงินสด,Asset,Cash & Bank,0,15372.36,0,15372.36,0,145,0,145,HMW
11112041,BBL สาขาสุรินทร์-กระแสรายวัน 301-3-03690-4,เงินฝากกระแสรายวัน,เงินสดและรายการเทียบเท่าเงินสด,Asset,Cash & Bank,0,-16548.08,0,-16548.08,0,-156.08999999992548,0,-156.08999999992548,HMW
11112050,SCB สาขาโลตัส ขอนแก่น 2- กระแสรายวัน 468-120508-5,เงินฝากกระแสรายวัน,เงินสดและรายการเทียบเท่าเงินสด,Asset,Cash & Bank,0,0,2130.93,2130.93,0,0,20.1,20.1,CLIK
11113010,กสิกรไทย-ออมทรัพย์-003-8-21488-8,เงินฝากออมทรัพย์,เงินสดและรายการเทียบเท่าเงินสด,Asset,Cash & Bank,0,25973225.61,7564249.64,33537475.25,0,244992.83410000004,71349.8964,316342.73050000006,"HMW,CLIK"
11113011,KBANK สาขาขอนแก่น-ออมทรัพย์ 983-2-05555-4,เงินฝากออมทรัพย์,เงินสดและรายการเทียบเท่าเงินสด,Asset,Cash & Bank,7439436.42,0,257783.9,7697220.32,70172.59389999999,0,2431.5504,72604.1443,"ACG,CLIK"
11113020,กรุงไทย-ออมทรัพย์-382-0-35555-3,เงินฝากออมทรัพย์,เงินสดและรายการเทียบเท่าเงินสด,Asset,Cash & Bank,0,13.58,1598740.58,1598754.16,0,0.1281,15080.1441,15080.2722,"HMW,CLIK"
11113021,กรุงไทย-ออมทรัพย์-984-0-73182-3,เงินฝากออมทรัพย์,เงินสดและรายการเทียบเท่าเงินสด,Asset,Cash & Bank,209053.86,5233878.51,0,5442932.37,1971.9035999999999,49368.636300000006,0,51340.53990000001,"ACG,HMW"
11113022,กรุงไทย-ออมทรัพย์-437-0-64333-3,เงินฝากออมทรัพย์,เงินสดและรายการเทียบเท่าเงินสด,Asset,Cash & Bank,10754376.33,33324.82,0,10787701.15,101440.81349999999,314.3369,0,101755.15039999998,"ACG,HMW"
11113023,กรุงไทย-ออมทรัพย์-382-0-30955-1,เงินฝากออมทรัพย์,เงินสดและรายการเทียบเท่าเงินสด,Asset,Cash & Bank,1984466.93,20541.83,0,2005008.76,18718.513600000002,193.7611,0,18912.2747,"ACG,HMW"
11113030,กรุงเทพ-ออมทรัพย์-264-462888-1,เงินฝากออมทรัพย์,เงินสดและรายการเทียบเท่าเงินสด,Asset,Cash & Bank,0,73059.09,1828934.25,1901993.34,0,689.1309,17251.449399999998,17940.5803,"HMW,CLIK"
11113031,กรุงเทพ-ออมทรัพย์-297-0-66559-8,เงินฝากออมทรัพย์,เงินสดและรายการเทียบเท่าเงินสด,Asset,Cash & Bank,0,268745.58,468264.74,737010.32,0,2534.9466,4416.9141,6951.860699999999,"HMW,CLIK"
11113032,กรุงเทพ-ออมทรัพย์-260-584777-7,เงินฝากออมทรัพย์,เงินสดและรายการเทียบเท่าเงินสด,Asset,Cash & Bank,0,25164087.64,0,25164087.64,0,237360.6282000065,0,237360.6282000065,HMW
11113033,กรุงเทพ-ออมทรัพย์-301-4-51313-3,เงินฝากออมทรัพย์,เงินสดและรายการเทียบเท่าเงินสด,Asset,Cash & Bank,0,340220.79,0,340220.79,0,3209.1376,0,3209.1376,HMW
11113034,กรุงเทพ-ออมทรัพย์-260-5-99999-0,เงินฝากออมทรัพย์,เงินสดและรายการเทียบเท่าเงินสด,Asset,Cash & Bank,0,8223941.47,0,8223941.47,0,77572.44929999977,0,77572.44929999977,HMW
11113037,กรุงเทพ-ออมทรัพย์-280-4-04236-0,เงินฝากออมทรัพย์,เงินสดและรายการเทียบเท่าเงินสด,Asset,Cash & Bank,0,807470.92,0,807470.92,0,7616.481400000001,0,7616.481400000001,HMW
11113038,กรุงเทพ-ออมทรัพย์-301-0-84621-4,เงินฝากออมทรัพย์,เงินสดและรายการเทียบเท่าเงินสด,Asset,Cash & Bank,0,1024600.25,0,1024600.25,0,9664.556999999999,0,9664.556999999999,HMW
11113040,กรุงเทพ-ออมทรัพย์-264-462889-9,เงินฝากออมทรัพย์,เงินสดและรายการเทียบเท่าเงินสด,Asset,Cash & Bank,0,5466618.82,3451467.85,8918086.67,0,51563.9627,32556.0215,84119.9842,"HMW,CLIK"
11113041,กรุงเทพ-ออมทรัพย์-260-7-25323-0,เงินฝากออมทรัพย์,เงินสดและรายการเทียบเท่าเงินสด,Asset,Cash & Bank,0,57698390.57,0,57698390.57,0,544240.920999999,0,544240.920999999,HMW
11113042,BBL สาขาสุรินทร์-ออมทรัพย์ 301-5-12993-9,เงินฝากออมทรัพย์,เงินสดและรายการเทียบเท่าเงินสด,Asset,Cash & Bank,0,4618420.52,0,4618420.52,0,43563.319699999985,0,43563.319699999985,HMW
11113050,SCB สาขาโลตัส ขอนแก่น 2 - ออมทรัพย์ 425-163890-1,เงินฝากออมทรัพย์,เงินสดและรายการเทียบเท่าเงินสด,Asset,Cash & Bank,0,0,1363835.98,1363835.98,0,0,12864.403,12864.403,CLIK
11113080,บัญชีพัก-ธนาคาร,เงินฝากระหว่างทาง,เงินสดและรายการเทียบเท่าเงินสด,Asset,Cash & Bank,0,0,-189.77,-189.77,0,0,-1.79,-1.79,CLIK
11113090,บัญชีพัก-ระหว่างสาขา,,สินทรัพย์หมุนเวียนอื่น,Asset,Cash & Bank,0,0.22,0,0.22,0,0.0019999995827674867,0,0.0019999995827674867,HMW
11113100,บัญชีพัก-โอนย้ายสินค้าระหว่างสาขา,เงินฝากระหว่างทาง,เงินสดและรายการเทียบเท่าเงินสด,Asset,Cash & Bank,0,0.1,0,0.1,0,0.0009000000357627869,0,0.0009000000357627869,HMW
11113101,บัญชีพัก-ซื้อสินค้า,,เจ้าหนี้การค้า ,Liabilities,Cash & Bank,0,0,1281.95,1281.95,0,0,13.106300000000001,13.106300000000001,CLIK
11113110,เงินฝากระหว่างทาง-ธนาคาร,เงินฝากระหว่างทาง,เงินสดและรายการเทียบเท่าเงินสด,Asset,Cash & Bank,0,245641.12,371261.55,616902.67,0,2317.0135,3501.93,5818.943499999999,"HMW,CLIK"
11113120,บัญชีพัก-ค่าธรรมเนียมธนาคาร,,สินทรัพย์หมุนเวียนอื่น,Asset,Cash & Bank,0,0,871.72,871.72,0,0,8.0518,8.0518,CLIK
11121010,ลูกหนี้การค้า-กิจการที่ไม่เกี่ยวข้องกัน,,ลูกหนี้การค้า,Asset,Cash & Bank,0,1639356.85,540055.39,2179412.24,0,16275.6198,5361.6979,21637.3177,"HMW,CLIK"
11121011,ลูกหนี้การค้า-ไฟแนนซ์,,ลูกหนี้การค้า,Asset,Cash & Bank,0,3205990.96,0,3205990.96,0,31829.2445,0,31829.2445,HMW
11121012,ลูกหนี้การค้า-ประกันภัย,,ลูกหนี้การค้า,Asset,Cash & Bank,0,15041117.53,0,15041117.53,0,149328.9947,0,149328.9947,HMW
11121013,ลูกหนี้การค้า-รถเช่า,,ลูกหนี้การค้า,Asset,Cash & Bank,0,398183.52,0,398183.52,0,3953.1866000000005,0,3953.1866000000005,HMW
11121014,ลูกหนี้การค้า-คอเปอร์เรท,,ลูกหนี้การค้า,Asset,Cash & Bank,0,0,0,0,0,0,0,0,-
11121020,ลูกหนี้การค้า-ฮอนด้า ออโต้โมบิล,,ลูกหนี้การค้า,Asset,Cash & Bank,0,3757195.34,0,3757195.34,0,37301.6301,0,37301.6301,HMW
11121030,ลูกหนี้การค้า-กิจการที่เกี่ยวข้องกัน,,ลูกหนี้หมุนเวียนอื่น,Asset,Cash & Bank,0,0,0,0,0,0,0,0,-
11121099,ค่าเผื่อหนี้สงสัยจะสูญ,,ลูกหนี้การค้า,Asset,Cash & Bank,0,-2975007.59,0,-2975007.59,0,-29536.029600000005,0,-29536.029600000005,HMW
11131010,สินค้าคงเหลือ-รถยนต์,รถยนต์,สินค้าคงเหลือ,Asset,Cash & Bank,0,25413076.67,0,25413076.67,0,261180.43060000002,0,261180.43060000002,HMW
11131011,บัญชีปรับมูลค่าสินค้าคงเหลือ-รถยนต์,อะไหล่รถยนต์และอื่นๆ,สินค้าคงเหลือ,Asset,Cash & Bank,0,0,0,0,0,0,0,0,-
11131020,สินค้าคงเหลือ-อะไหล่,อะไหล่รถยนต์และอื่นๆ,สินค้าคงเหลือ,Asset,Cash & Bank,0,30562701.75,17769748.15,48332449.9,0,314105.2029,182626.8631,496732.06599999993,"HMW,CLIK"
11131030,สินค้าคงเหลือ-อุปกรณ์ตกแต่ง,อะไหล่รถยนต์และอื่นๆ,สินค้าคงเหลือ,Asset,Cash & Bank,0,783299.69,0,783299.69,0,8050.2866,0,8050.2866,HMW
11131040,บัญชีปรับมูลค่าสินค้าคงเหลือ,อะไหล่รถยนต์และอื่นๆ,สินค้าคงเหลือ,Asset,Cash & Bank,0,0,-39390.03,-39390.03,0,0,-404.8272,-404.8272,CLIK
11131050,สินค้าระหว่างทาง,อะไหล่รถยนต์และอื่นๆ,สินค้าคงเหลือ,Asset,Cash & Bank,0,0,0,0,0,0,0,0,-
11131050-1,สินค้าคงเหลือ-อะไหล่ฝากขาย,อะไหล่รถยนต์และอื่นๆ,สินค้าคงเหลือ,Asset,Cash & Bank,0,0,-7274.13,-7274.13,0,0,-74.7592,-74.7592,CLIK
11131060,ทรัพย์สินรอการขาย-รถยนต์,อะไหล่รถยนต์และอื่นๆ,สินค้าคงเหลือ,Asset,Cash & Bank,0,0,0,0,0,0,0,0,-
11131060-1,สินค้าคงเหลือ-อะไหล่ในพื้นที่,อะไหล่รถยนต์และอื่นๆ,สินค้าคงเหลือ,Asset,Cash & Bank,0,0,58067.33,58067.33,0,0,596.7814,596.7814,CLIK
11131070,สินค้าคงเหลือ-อื่น,อะไหล่รถยนต์และอื่นๆ,สินค้าคงเหลือ,Asset,Cash & Bank,0,6275.9,0,6275.9,0,64.5,0,64.5,HMW
11131080,สินค้าคงเหลือ-สำหรับเบิกใช้ในกิจการ,อะไหล่รถยนต์และอื่นๆ,สินค้าคงเหลือ,Asset,Cash & Bank,0,0,0,0,0,0,0,0,-
11131098,ค่าเผื่อการขาดทุนจากมูลค่าสินค้าลดลง,ค่าเผื่อมูลค่าสินค้าลดลง,สินค้าคงเหลือ,Asset,Cash & Bank,0,-1799.72,0,-1799.72,0,-18.496399999999998,0,-18.496399999999998,HMW
11131099,ค่าเผื่อการขาดทุนจากสินค้าล้าสมัย,ค่าเผื่อมูลค่าสินค้าลดลง,สินค้าคงเหลือ,Asset,Cash & Bank,0,-345962.17,-74334.46,-420296.63,0,-3555.5926,-763.9652000000001,-4319.5578000000005,"HMW,CLIK"
11141010,ลูกหนี้เงินทดรอง-พนักงาน,,ลูกหนี้หมุนเวียนอื่น,Asset,Cash & Bank,23524.87,41313.4,87339.8,152178.07,333.282,585.2959999999999,1237.362,2155.94,"ACG,HMW,CLIK"
11141020,ลูกหนี้เงินทดรอง-อื่น,,ลูกหนี้หมุนเวียนอื่น,Asset,Cash & Bank,0,0,0,0,0,1.1641532182693482e-12,0,1.1641532182693482e-12,HMW
11141030,ลูกหนี้เงินทดรอง-กิจการที่เกี่ยวข้องกัน,,ลูกหนี้หมุนเวียนอื่น,Asset,Cash & Bank,0,0,0,0,0,0,0,0,-
11151010,ลูกหนี้อื่น,,ลูกหนี้หมุนเวียนอื่น,Asset,Cash & Bank,34474.54,393343.94,100501.19,528319.67,488.4084,5572.5898,1423.8224,7484.820599999999,"ACG,HMW,CLIK"
11151011,ค่าใช้จ่ายจ่ายล่วงหน้า,,ลูกหนี้หมุนเวียนอื่น,Asset,Cash & Bank,370410.56,1660788.51,689308.68,2720507.75,5247.6876,23528.7547,9914.1002,38542.02945901032,"ACG,HMW,CLIK"
11151012,ภาษีซื้อ,,สินทรัพย์หมุนเวียนอื่น,Asset,Cash & Bank,0.01,0,0,0.01,0.00010000000009313225,0,0,0.00010000000009313225,ACG
11151012-1,ลูกหนี้กรมสรรพากร,,ลูกหนี้หมุนเวียนอื่น,Asset,Cash & Bank,0,256749.66,3170480.91,3427230.57,0,3637.4287,44916.897800000006,48554.3265,"HMW,CLIK"
11151013,ภาษีซื้อยังไม่ถึงกำหนด,,สินทรัพย์หมุนเวียนอื่น,Asset,Cash & Bank,18167.69,290812.78,606266.5,915246.97,167.81009999999998,2686.1602,5599.9223,8453.8926,"ACG,HMW,CLIK"
11151014,ภาษีมูลค่าเพิ่มรอเครดิตขอคืน,,สินทรัพย์หมุนเวียนอื่น,Asset,Cash & Bank,0,0,-0.03,-0.03,0,0,-0.0003,-0.0003,CLIK
11151015,ภาษีเงินได้ถูกหัก ณ ที่จ่าย,,สินทรัพย์ภาษีเงินได้ของงวดปัจจุบัน,Asset,Cash & Bank,0,0,0,0,4096.0929,0,2308.281,6404.3739000000005,"ACG,CLIK"
11151016,ภาษีเงินได้นิติบุคคลจ่ายล่วงหน้า (ภงด.51),,สินทรัพย์หมุนเวียนอื่น,Asset,Cash & Bank,0,0,0,0,0,0,0,0,-
11151017,รายได้ค้างรับ-ค่านายหน้าไฟแนนซ์,,ลูกหนี้หมุนเวียนอื่น,Asset,Cash & Bank,0,88807.15,0,88807.15,0,1258.1504,0,1258.1504,HMW
11151018,รายได้ค้างรับ-ค่านายหน้าประกันภัย,,ลูกหนี้หมุนเวียนอื่น,Asset,Cash & Bank,0,236359.81,0,236359.81,0,3348.5612000000006,0,3348.5612000000006,HMW
11151019,รายได้ค้างรับ-ค่าแรงเคลมฮอนด้า,,ลูกหนี้หมุนเวียนอื่น,Asset,Cash & Bank,0,129587.89,0,129587.89,0,1835.9,0,1835.9,HMW
11151020,รายได้ค้างรับ-อะไหล่เคลมฮอนด้า,,ลูกหนี้หมุนเวียนอื่น,Asset,Cash & Bank,0,1185900.04,0,1185900.04,0,16800.905799999997,0,16800.905799999997,HMW
11151021,เงินปันผลค้างรับ,,ลูกหนี้หมุนเวียนอื่น,Asset,Cash & Bank,0,0,0,0,0,0,0,0,-
11151022,สินทรัพย์หมุนเวียนอื่น,,สินทรัพย์หมุนเวียนอื่น,Asset,Cash & Bank,41015.58,349064.3,160723.7,550803.58,378.85,3224.2140000000004,1484.5620000000001,5087.626,"ACG,HMW,CLIK"
11151023,รายได้ค้างรับ-รางวัลการขาย,,ลูกหนี้หมุนเวียนอื่น,Asset,Cash & Bank,0,3946222.22,0,3946222.22,0,55906.995,0,55906.995,HMW
11151024,contra ภาษีมูลค่าเพิ่ม,,ลูกหนี้หมุนเวียนอื่น,Asset,Cash & Bank,0,0,0,0,0,0,0,0,-
11151025,ลูกหนี้อื่น-กิจการที่เกี่ยวข้องกัน,,ลูกหนี้หมุนเวียนอื่น,Asset,Cash & Bank,0,0,0,0,113379.7647,42.2975,0,0,"ACG,HMW"
11151026,รายได้ค้างรับบริการซ่อม,,ลูกหนี้หมุนเวียนอื่น,Asset,Cash & Bank,0,0,0,0,0,0,0,0,-
11151028,รายได้ค้างรับ-ค่าแรงเคลม-คุณภาพ,,ลูกหนี้หมุนเวียนอื่น,Asset,Cash & Bank,0,278943.26,0,278943.26,0,3951.8503,0,3951.8503,HMW
11151029,รายได้ค้างรับ-ค่าแรงเคลม-Exclusive,,ลูกหนี้หมุนเวียนอื่น,Asset,Cash & Bank,0,168254.61,0,168254.61,0,2383.7,0,2383.7,HMW
11151030,รายได้ค้างรับ-อะไหล่เคลม-Exclusive,,ลูกหนี้หมุนเวียนอื่น,Asset,Cash & Bank,0,205134.38,0,205134.38,0,2906.1837,0,2906.1837,HMW
11151031,รายได้ค่าขนส่งค้างรับ-อะไหล่เคลมฮอนด้า,,ลูกหนี้หมุนเวียนอื่น,Asset,Cash & Bank,0,52656.77,0,52656.77,0,746,0,746,HMW
11151032,รายได้ค้างรับ-อื่น,,ลูกหนี้หมุนเวียนอื่น,Asset,Cash & Bank,0,56677.31,0,56677.31,0,802.9599000000001,0,802.9599000000001,HMW
11151033,รายได้ค้างรับ Honda - สนับสนุนแคมเปญ,,ลูกหนี้หมุนเวียนอื่น,Asset,Cash & Bank,0,257562.25,0,257562.25,0,3648.9408999999996,0,3648.9408999999996,HMW
11151034,ภาษีเงินได้ถูกหัก ณ ที่จ่าย (รอเอกสาร),,สินทรัพย์ภาษีเงินได้ของงวดปัจจุบัน,Asset,Cash & Bank,0,0,0,0,0,2227.5501999999997,41.5728,2269.123,"HMW,CLIK"
11151035,ลูกหนี้เงิน-พนักงาน,,ลูกหนี้หมุนเวียนอื่น,Asset,Cash & Bank,0,0.16,3256.08,3256.24,0,0.0022999999999999982,46.1296,46.131899999999995,"HMW,CLIK"
11151037,รายได้ค้างรับ-อุปกรณ์ตกแต่ง ฟิล์มเคลม-Exclusive,,ลูกหนี้หมุนเวียนอื่น,Asset,Cash & Bank,0,0,0,0,0,0,0,0,-
11212010,เงินให้กู้ยืมแก่บริษัทย่อย,,เงินให้กู้ยืมระยะยาวแก่บริษัทย่อย,Asset,Trade Receivables / AR,0,0,0,0,0,0,0,0,-
11212011,ดอกเบี้ยค้างรับจากบริษัทย่อย,,ลูกหนี้หมุนเวียนอื่น,Asset,Trade Receivables / AR,0,0,0,0,0,0,0,0,-
11212030,เงินให้กู้ยืมแก่บริษัทอื่น,,เงินให้กู้ยืมระยะยาวแก่บริษัทย่อย,Asset,Trade Receivables / AR,0,0,0,0,0,2500000,0,0,HMW
11212031,ดอกเบี้ยค้างรับจากบริษัทอื่น,,ลูกหนี้หมุนเวียนอื่น,Asset,Trade Receivables / AR,0,0,0,0,0,3450.4109999999996,0,0,HMW
11213010,เงินลงทุนในบริษัทย่อย,,เงินลงทุนในบริษัทย่อย,Asset,Trade Receivables / AR,0,0,0,0,5985900,0,0,0,ACG
11214010,อสังหาริมทรัพย์เพื่อการลงทุน,,อสังหาริมทรัพย์เพื่อการลงทุน,Asset,Trade Receivables / AR,0,166633508.96,0,166633508.96,0,1662246.1676999999,0,1662246.1676999999,HMW
11221010,ที่ดิน,,ที่ดิน อาคารและอุปกรณ์ ,Asset,Trade Receivables / AR,0,235810341.4,0,235810341.4,0,2324088.3218,0,2324088.3218,HMW
11221020,ส่วนปรับปรุงที่ดิน,,ที่ดิน อาคารและอุปกรณ์ ,Asset,Trade Receivables / AR,0,15120422.8,0,15120422.8,0,149023.1422,0,149023.1422,HMW
11221030,อาคารและสิ่งปลูกสร้าง,,ที่ดิน อาคารและอุปกรณ์ ,Asset,Trade Receivables / AR,0,305121208.94,54569570.21,359690779.15,0,3007199.066,537824.1688,3545023.2348,"HMW,CLIK"
11221040,ส่วนปรับปรุงอาคาร,,ที่ดิน อาคารและอุปกรณ์ ,Asset,Trade Receivables / AR,0,73454013.98,40518742.26,113972756.24,0,723944.5695,397961.6338,1123287.2578999999,"HMW,CLIK"
11221050,เครื่องคอมพิวเตอร์,,ที่ดิน อาคารและอุปกรณ์ ,Asset,Trade Receivables / AR,0,10073757.75,3980195.97,14053953.72,0,99284.46139999999,39076.9913,138512.28709999996,"HMW,CLIK"
11221060,เครื่องมือเครื่องใช้อุปกรณ์ช่าง,,ที่ดิน อาคารและอุปกรณ์ ,Asset,Trade Receivables / AR,0,56198215.76,35603950.42,91802166.18,0,553875.696,349871.162,904779.4133000001,"HMW,CLIK"
11221070,เครื่องตกแต่งและติดตั้งสำนักงาน,,ที่ดิน อาคารและอุปกรณ์ ,Asset,Trade Receivables / AR,0,17078549.67,11563055.18,28641604.85,0,168321.9557,113843.13140000001,282284.5637,"HMW,CLIK"
11221080,ยานพาหนะ,,ที่ดิน อาคารและอุปกรณ์ ,Asset,Trade Receivables / AR,0,37466775.34,0,37466775.34,0,369263.25840000005,0,369263.25840000005,HMW
11221090,อุปกรณ์สำนักงาน,,ที่ดิน อาคารและอุปกรณ์ ,Asset,Trade Receivables / AR,0,6431623.21,1309876.48,7741499.69,0,63388.48539999999,12885.8701,76298.30359999998,"HMW,CLIK"
11221100,งานระหว่างการก่อสร้าง,,ที่ดิน อาคารและอุปกรณ์ ,Asset,Trade Receivables / AR,0,1255.07,0,1255.07,0,12.3697,0,12.3697,HMW
11221120,สินทรัพย์รอการจำหน่าย หรือ ทำลาย,,ที่ดิน อาคารและอุปกรณ์ ,Asset,Trade Receivables / AR,0,0,64432.37,64432.37,0,0,635.0295,635.0295,CLIK
11221130,สินทรัพย์รอการจำหน่าย หรือ ทำลาย,,ที่ดิน อาคารและอุปกรณ์ ,Asset,Trade Receivables / AR,0,43600.17,0,43600.17,0,429.7125,0,429.7125,HMW
11222020,ค่าเสื่อมราคาสะสม-ส่วนปรับปรุงที่ดิน,,ที่ดิน อาคารและอุปกรณ์ ,Asset,Trade Receivables / AR,0,-421676.22,0,-421676.22,0,-4155.9364000000005,0,-4155.9364000000005,HMW
11222030,ค่าเสื่อมราคาสะสม-อาคารและสิ่งปลูกสร้าง,,ที่ดิน อาคารและอุปกรณ์ ,Asset,Trade Receivables / AR,0,-109171101.62,-23430539.48,-132601641.1,0,-1075963.3391685688,-230925.5941,-1306888.9332685687,"HMW,CLIK"
11222031,ค่าเสื่อมราคาสะสม-อาคารและสิ่งปลูกสร้าง - IP,,อสังหาริมทรัพย์เพื่อการลงทุน,Asset,Trade Receivables / AR,0,-22302223.42,0,-22302223.42,0,-222474.972999331,0,-222474.972999331,HMW
11222040,ค่าเสื่อมราคาสะสม-ส่วนปรับปรุงอาคาร,,ที่ดิน อาคารและอุปกรณ์ ,Asset,Trade Receivables / AR,0,-58243620.25,-17054493.29,-75298113.54,0,-574034.6959770997,-166126.3374,-742119.5579577025,"HMW,CLIK"
11222041,ค่าเสื่อมราคาสะสม-ส่วนปรับปรุงอาคาร - IP,,อสังหาริมทรัพย์เพื่อการลงทุน,Asset,Trade Receivables / AR,0,-166917.54,0,-166917.54,0,-1665.0795550006396,0,-1665.0795550006396,HMW
11222050,ค่าเสื่อมราคาสะสม-เครื่องคอมพิวเตอร์,,ที่ดิน อาคารและอุปกรณ์ ,Asset,Trade Receivables / AR,0,-8410275.3,-3233294.76,-11643570.06,0,-82889.59040000002,-31715.718399999998,-114756.14271025542,"HMW,CLIK"
11222060,ค่าเสื่อมราคาสะสม-เครื่องมือเครื่องใช้อุปกรณ์ช่าง,,ที่ดิน อาคารและอุปกรณ์ ,Asset,Trade Receivables / AR,0,-49508935.78,-18079388.86,-67588324.64,0,-487947.8092,-175997.3505,-666133.7880954519,"HMW,CLIK"
11222070,ค่าเสื่อมราคาสะสม-เครื่องตกแต่งและติดตั้งสำนักงาน,,ที่ดิน อาคารและอุปกรณ์ ,Asset,Trade Receivables / AR,0,-16838587.91,-8845145.01,-25683732.92,0,-165956.95209999997,-87056.08189999999,-253132.51062552235,"HMW,CLIK"
11222080,ค่าเสื่อมราคาสะสม-ยานพาหนะ,,ที่ดิน อาคารและอุปกรณ์ ,Asset,Trade Receivables / AR,0,-25690456.8,0,-25690456.8,0,-253198.7795,0,-253198.7795,HMW
11222090,ค่าเสื่อมราคาสะสม-อุปกรณ์สำนักงาน,,ที่ดิน อาคารและอุปกรณ์ ,Asset,Trade Receivables / AR,0,-6244648.6,-949440.1,-7194088.7,0,-61545.71,-9299.5126,-70903.15646750391,"HMW,CLIK"
11223010,ลิขสิทธิ์คอมพิวเตอร์,,สินทรัพย์ไม่มีตัวตน,Asset,Trade Receivables / AR,6845883.6,10606398.02,415859.87,17868141.49,66150.39110000001,102487.48270000001,4018.37,172656.24380000003,"ACG,HMW,CLIK"
11223020,โปรแกรม,,สินทรัพย์ไม่มีตัวตน,Asset,Trade Receivables / AR,3996909.2,0,0,3996909.2,38621.3267,0,0,38621.3267,ACG
11223021,โปรแกรม-ระหว่างทำ,,สินทรัพย์ไม่มีตัวตน,Asset,Trade Receivables / AR,1085214.72,0,0,1085214.72,10486.210700000001,0,0,10486.210700000001,ACG
11224010,ค่าตัดจำหน่ายสะสม-ลิขสิทธิ์คอมพิวเตอร์,,สินทรัพย์ไม่มีตัวตน,Asset,Trade Receivables / AR,-4937243.31,-10379175.95,-289659.29,-15606078.55,-47707.585300000006,-100291.8817,-2798.9193,-150798.38629999998,"ACG,HMW,CLIK"
11224020,ค่าตัดจำหน่ายสะสม-โปรแกรม,,สินทรัพย์ไม่มีตัวตน,Asset,Trade Receivables / AR,-887173.86,0,0,-887173.86,-8572.5819,0,0,-8572.5819,ACG
11225010,ค่าเสื่อมราคาสะสมอสังหาริมทรัพย์เพื่อการลงทุน,,อสังหาริมทรัพย์เพื่อการลงทุน,Asset,Trade Receivables / AR,0,0,0,0,0,0,0,0,-
11231010,เงินมัดจำจ่าย,,สินทรัพย์หมุนเวียนอื่น,Asset,Trade Receivables / AR,0,6116.88,0,6116.88,0,56.5,0,56.5,HMW
11231010-1,เงินมัดจำจ่าย,,สินทรัพย์หมุนเวียนอื่น,Asset,Trade Receivables / AR,0,0,23866.66,23866.66,0,0,220.45,220.45,CLIK
11231020,เงินค้ำประกัน,,สินทรัพย์ไม่หมุนเวียนอื่น,Asset,Trade Receivables / AR,0,752455.68,8403771.14,9156226.82,0,7547.2928,84291.6374,91838.9302,"HMW,CLIK"
11231030,สินทรัพย์ไม่หมุนเวียนอื่น,,สินทรัพย์ไม่หมุนเวียนอื่น,Asset,Trade Receivables / AR,0,772386.18,0,772386.18,0,7747.2,0,7747.2,HMW
11231040,สินทรัพย์ภาษีเงินได้รอการตัดบัญชี,,สินทรัพย์ภาษีเงินได้รอการตัดบัญชี,Asset,Trade Receivables / AR,1508366.89,7936792.1,6862233.75,16307392.74,15802.0613,83147.99019999999,71890.6251,170840.67659999998,"ACG,HMW,CLIK"
11231050,สินทรัพย์สิทธิการใช้,,สินทรัพย์สิทธิการใช้,Asset,Trade Receivables / AR,0,98730005.7,109066332.1,207796337.8,0,961237.52,1061872.2226,2023109.7426,"HMW,CLIK"
11231050-1,เงินค้ำประกัน-ธนาคาร,,สินทรัพย์ไม่หมุนเวียนอื่น,Asset,Trade Receivables / AR,0,0,0,0,0,0,0,0,-
11232050,ค่าเสื่อมราคาสะสม-สัญญาเช่า,,สินทรัพย์สิทธิการใช้,Asset,Trade Receivables / AR,0,-20792927.74,-45090485.06,-65883412.8,0,-202440.4046,-439001.96020000003,-641442.3648000001,"HMW,CLIK"
2,3,4,7,,Other (),0,0,0,0,8,0,0,0,ACG
21111010,เงินเบิกเกินบัญชี,,หนี้สินหมุนเวียนอื่น,Liabilities,Trade Payables / AP,0,0,0,0,0,0,0,0,-
21111020,เงินกู้ยืมระยะสั้นจากธนาคาร,,เงินเบิกเกินบัญชีและเงินกู้ยืมระยะสั้นจากสถาบันการเงิน,Liabilities,Trade Payables / AP,-120000000,0,0,-120000000,0,0,0,0,ACG
21111030,ตั๋วเงินจ่าย,,เงินกู้ยืมระยะสั้นจากสถาบันการเงิน,Liabilities,Trade Payables / AP,0,-120000000,0,-120000000,0,-900000,0,-900000,HMW
21121010,เจ้าหนี้การค้า-กิจการที่ไม่เกี่ยวข้องกัน,,เจ้าหนี้การค้า ,Liabilities,Trade Payables / AP,0,-5304437.67,-10121336.26,-15425773.93,0,-54230.8957,-103477.3458,-157708.2415,"HMW,CLIK"
21121020,เจ้าหนี้การค้า-ฮอนด้า ออโต้โมบิล,,เจ้าหนี้การค้า ,Liabilities,Trade Payables / AP,0,-68921560.68,0,-68921560.68,0,-704632.2722,0,-704632.2722,HMW
21121030,เจ้าหนี้การค้า-กิจการที่เกี่ยวข้องกัน,,เจ้าหนี้การค้า ,Liabilities,Trade Payables / AP,0,0,0,0,0,0,0,0,-
21121030-1,เจ้าหนี้การค้า-กิจการที่ไม่เกี่ยวข้องกัน-ของโป๊วะ,,เจ้าหนี้การค้า ,Liabilities,Trade Payables / AP,0,0,-3602713.31,-3602713.31,0,0,-36833.0032,-36833.0032,CLIK
21121040,ประมาณการส่วนลดอะไหล่/ส่งเสริมการขาย,,เจ้าหนี้การค้า ,Liabilities,Trade Payables / AP,0,0,775553.68,775553.68,0,0,7929.015899999999,7929.015899999999,CLIK
21121050,เจ้าหนี้การค้า-ฝากขาย,,เจ้าหนี้การค้า ,Liabilities,Trade Payables / AP,0,0,76112.29,76112.29,0,0,778.148,778.148,CLIK
21122010,เจ้าหนี้-กิจการที่เกี่ยวข้องกัน,,เจ้าหนี้หมุนเวียนอื่น,Liabilities,Trade Payables / AP,0,0,0,0,0,0,0,0,-
21132010,เงินกู้ยืมระยะสั้นจากกิจการที่เกี่ยวข้องกัน,,เจ้าหนี้หมุนเวียนอื่น,Liabilities,Trade Payables / AP,0,0,0,0,0,0,0,0,-
21132011,ดอกเบี้ยค้างจ่ายจากกิจการที่เกี่ยวข้องกัน,,เจ้าหนี้หมุนเวียนอื่น,Liabilities,Trade Payables / AP,0,0,0,0,0,0,0,0,-
21133010,ส่วนของหนี้สินระยะยาวที่ถึงกำหนดชำระภายใน 1 ปี,,     ที่ถึงกำหนดชำระภายในหนึ่งปี,Liabilities,Trade Payables / AP,-10510744,0,0,-10510744,0,0,0,0,ACG
21141011,ค่าใช้จ่ายค้างจ่าย,,เจ้าหนี้หมุนเวียนอื่น,Liabilities,Trade Payables / AP,-488393.09,-3670749.16,-1458350.44,-5617492.69,-5055.9884,-38000.6709,-18197.2711,-58153.9304,"ACG,HMW,CLIK"
21141012,เงินประกันสังคมค้างจ่าย,,เจ้าหนี้หมุนเวียนอื่น,Liabilities,Trade Payables / AP,-157852.95,-254214.21,-189442.09,-601509.25,-1634.14,-2631.7,-1961.16,-6227,"ACG,HMW,CLIK"
21141013,ค่านายหน้าค้างจ่าย,,เจ้าหนี้หมุนเวียนอื่น,Liabilities,Trade Payables / AP,0,0,0,0,0,0,0,0,-
21141014,เงินปันผลค้างจ่าย,,เจ้าหนี้หมุนเวียนอื่น,Liabilities,Trade Payables / AP,-3370.57,0.02,0,-3370.55,-34.8931,0.0002,0,-34.8929,"ACG,HMW"
21141015,ดอกเบี้ยค้างจ่ายจากธนาคาร,,เจ้าหนี้หมุนเวียนอื่น,Liabilities,Trade Payables / AP,0,0,0,0,0,0,0,0,-
21141016,เงิน กยศ พนักงานค้างจ่าย,,เจ้าหนี้หมุนเวียนอื่น,Liabilities,Trade Payables / AP,-27133.12,-33946.1,-12128.72,-73207.94,-280.89,-351.42,-125.56,-757.87,"ACG,HMW,CLIK"
21142011,เงินรับล่วงหน้า-จองรถยนต์,,เจ้าหนี้หมุนเวียนอื่น,Liabilities,Trade Payables / AP,0,-668594.46,0,-668594.46,0,-6921.4857999999995,0,-6921.4857999999995,HMW
21142012,เงินรับล่วงหน้า-อะไหล่,,เจ้าหนี้หมุนเวียนอื่น,Liabilities,Trade Payables / AP,0,-3859897.06,-328204.84,-4188101.9,0,-39958.7854,-3397.6727,-43356.4581,"HMW,CLIK"
21142013,เงินรับล่วงหน้า-Honda Pay Save,,เจ้าหนี้หมุนเวียนอื่น,Liabilities,Trade Payables / AP,0,-1529286,0,-1529286,0,-15831.6168,0,-15831.6168,HMW
21142014,เงินรับล่วงหน้า-ค่าทะเบียน,,เจ้าหนี้หมุนเวียนอื่น,Liabilities,Trade Payables / AP,0,-225873.86,0,-225873.86,0,-2338.3124,0,-2338.3124,HMW
21142015,"เงินรับล่วงหน้า-ค่าประกันภัย,พรบ.",,เจ้าหนี้หมุนเวียนอื่น,Liabilities,Trade Payables / AP,0,-90439.9,-401.84,-90841.74,0,-936.2603,-4.16,-940.4203,"HMW,CLIK"
21142016,เงินมัดจำ-ป้ายแดง,,เจ้าหนี้หมุนเวียนอื่น,Liabilities,Trade Payables / AP,0,-422201.13,0,-422201.13,0,-4370.7498,0,-4370.7498,HMW
21142017,เงินรับล่วงหน้า-Untimate Care,,เจ้าหนี้หมุนเวียนอื่น,Liabilities,Trade Payables / AP,0,0,0,0,0,0,0,0,-
21142017-1,ภาษีเงินได้หัก ณ ที่จ่ายค้างจ่าย (E-WHT),,หนี้สินหมุนเวียนอื่น,Liabilities,Trade Payables / AP,0,0,0,0,0,0,0,0,-
21142018,เงินรับล่วงหน้า-ค่าช่วยเหลือการขายรถยนต์,,เจ้าหนี้หมุนเวียนอื่น,Liabilities,Trade Payables / AP,0,0,0,0,0,0,0,0,-
21142019,เงินรับล่วงหน้า - ค่าแรงซ่อม,,เจ้าหนี้หมุนเวียนอื่น,Liabilities,Trade Payables / AP,0,-33027.4,0,-33027.4,0,-341.90930000000003,0,-341.90930000000003,HMW
21142020,เงินรับล่วงหน้า-เคลือบเซรามิค 9H,,เจ้าหนี้หมุนเวียนอื่น,Liabilities,Trade Payables / AP,0,-2810005.47,0,-2810005.47,0,-29090,0,-29090,HMW
21142022,เงินรับล่วงหน้าจากการขายรถยนต์ (เงินดาวน์),,เจ้าหนี้หมุนเวียนอื่น,Liabilities,Trade Payables / AP,0,0,0,0,0,0,0,0,-
21142023,เงินรับล่วงหน้า-ค่าต่อทะเบียนภาษี,,เจ้าหนี้หมุนเวียนอื่น,Liabilities,Trade Payables / AP,0,-16459.82,-934.36,-17394.18,0,-170.3969,-9.6728,-180.06969999999998,"HMW,CLIK"
21142024,"เงินรับล่วงหน้า-ค่าประกันภัย,พรบ.(ปีต่อ)",,เจ้าหนี้หมุนเวียนอื่น,Liabilities,Trade Payables / AP,0,-1699242.97,0,-1699242.97,0,-17591.0612,0,-17591.0612,HMW
21142025,รายได้รอการรับรู้,,เจ้าหนี้หมุนเวียนอื่น,Liabilities,Trade Payables / AP,0,-38638.78,0,-38638.78,0,-400,0,-400,HMW
21143011,ภาษีเงินได้หัก ณ ที่จ่ายค้างจ่าย (ภงด. 3),,หนี้สินหมุนเวียนอื่น,Liabilities,Trade Payables / AP,-341709.19,-40142.52,-51.86,-381903.57,-2038.1204,-239.4296,-0.3093,-2277.8593,"ACG,HMW,CLIK"
21143012,ภาษีเงินได้หัก ณ ที่จ่ายค้างจ่าย (ภงด. 53),,หนี้สินหมุนเวียนอื่น,Liabilities,Trade Payables / AP,-482.66,-8925.21,-380.38,-9788.25,-2.8788,-53.234300000000005,-2.2688,-58.3819,"ACG,HMW,CLIK"
21143013,ภาษีขาย,,หนี้สินหมุนเวียนอื่น,Liabilities,Trade Payables / AP,0,0,0,0,0,0,0,0,-
21143014,ภาษีมูลค่าเพิ่มรอนำส่ง,,หนี้สินหมุนเวียนอื่น,Liabilities,Trade Payables / AP,-578323.76,-3254667.53,-671025.15,-4504016.44,-3449.4052,-19412.4257,-4002.3215,-26864.1524,"ACG,HMW,CLIK"
21143015,ภาษีเงินได้นิติบุคคลค้างจ่าย,,ภาษีเงินได้นิติบุคคลค้างจ่าย,Liabilities,Trade Payables / AP,0,-5996908,0,-5996908,0,-91746.1132,0,-91746.1132,HMW
21143016,ภาษีเงินได้หัก ณ ที่จ่ายค้างจ่าย-ออนไลน์ (ภงด. 53),,หนี้สินหมุนเวียนอื่น,Liabilities,Trade Payables / AP,0,0,0,0,0,0,0,0,-
21143017,ภาษีเงินได้หัก ณ ที่จ่ายค้างจ่าย (ภงด. 1),,หนี้สินหมุนเวียนอื่น,Liabilities,Trade Payables / AP,0,-85474.26,-6112.14,-91586.4,0,-509.81019999999995,-36.455799999999996,-546.266,"HMW,CLIK"
21143018,เงินรับล่วงหน้า-อะไหล่เคลม,,เจ้าหนี้หมุนเวียนอื่น,Liabilities,Trade Payables / AP,0,0,0,0,0,0,0,0,-
21143020,เงินรับล่วงหน้า-CLIKSAVE,,เจ้าหนี้หมุนเวียนอื่น,Liabilities,Trade Payables / AP,0,0,0,0,0,0,0,0,-
21143021,เงินประกันผลงาน,,หนี้สินหมุนเวียนอื่น,Liabilities,Trade Payables / AP,0,0,-167658.98,-167658.98,0,0,-1000,-1000,CLIK
21143022,เงินรับล่วงหน้า-VOUCHER,,เจ้าหนี้หมุนเวียนอื่น,Liabilities,Trade Payables / AP,0,0,-104639.63,-104639.63,0,0,-1083.2601,-1083.2601,CLIK
21143023,       เงินรับล่วงหน้า-PREMIUMCARE,,เจ้าหนี้หมุนเวียนอื่น,Liabilities,Trade Payables / AP,0,0,0,0,0,0,0,0,-
21143025,เงินรับล่วงหน้า-อื่นๆ,,เจ้าหนี้หมุนเวียนอื่น,Liabilities,Trade Payables / AP,0,0,-1643.05,-1643.05,0,0,-17.0093,-17.0093,CLIK
21151010,เจ้าหนี้อื่น,,เจ้าหนี้หมุนเวียนอื่น,Liabilities,Trade Payables / AP,-522670.43,-2546448.96,-1007499.54,-4076618.93,-5410.8374,-26361.5858,-10429.9305,-42202.3537,"ACG,HMW,CLIK"
21151011,เงินประกันพนักงาน,,เจ้าหนี้หมุนเวียนอื่น,Liabilities,Trade Payables / AP,0,-129970.45,0,-129970.45,0,-1345.4922,0,-1345.4922,HMW
21151012,หนี้สินหมุนเวียนอื่น,,เจ้าหนี้หมุนเวียนอื่น,Liabilities,Trade Payables / AP,-102342.29,-243118.5,-269380.64,-614841.43,-1059.4774,-2516.8340000000003,-2788.7073,-6365.0187,"ACG,HMW,CLIK"
21151013,เช็คค้างจ่าย,,เจ้าหนี้หมุนเวียนอื่น,Liabilities,Trade Payables / AP,0,0,0,0,0,0,0,0,-
21151014,"เงินรับล่วงหน้า-ค่าประกันภัย,พรบ (แถม)",,เจ้าหนี้หมุนเวียนอื่น,Liabilities,Trade Payables / AP,0,-73901.41,0,-73901.41,0,-765.0491000000001,0,-765.0491000000001,HMW
21151015,เจ้าหนี้อื่น-กิจการที่เกี่ยวข้องกัน,,เจ้าหนี้หมุนเวียนอื่น,Liabilities,Trade Payables / AP,0,0,0,0,-42.2975,-103654.49960000001,-9725.2651,0,"ACG,HMW,CLIK"
21151016,เงินประกันผลงาน - BP,,เจ้าหนี้หมุนเวียนอื่น,Liabilities,Trade Payables / AP,0,-1118297.79,0,-1118297.79,0,-11576.9464,0,-11576.9464,HMW
21200010,เงินประกันความเสียหาย,,หนี้สินไม่หมุนเวียนอื่น,Liabilities,Trade Payables / AP,-6213079,0,0,-6213079,0,0,0,0,ACG
21211010,เงินกู้ยืมระยะยาว,,เงินกู้ยืมระยะยาวจากสถาบันการเงิน,Liabilities,Trade Payables / AP,0,0,0,0,0,0,0,0,-
21212010,เงินกู้ยืมจากบริษัทย่อย,,เงินกู้ยืมจากกิจการที่เกี่ยวข้องกัน,Liabilities,Trade Payables / AP,0,0,0,0,0,0,0,0,-
21212011,ดอกเบี้ยค้างจ่ายจากบริษัทย่อย,,เจ้าหนี้หมุนเวียนอื่น,Liabilities,Trade Payables / AP,0,0,0,0,0,0,0,0,-
21212030,เงินกู้ยืมจากบริษัทอื่น,,เงินกู้ยืมจากกิจการที่เกี่ยวข้องกัน,Liabilities,Trade Payables / AP,0,0,0,0,0,0,-2500000,0,CLIK
21212031,ดอกเบี้ยค้างจ่ายจากจากบริษัทอื่น,,เจ้าหนี้หมุนเวียนอื่น,Liabilities,Trade Payables / AP,0,0,0,0,0,0,-3450.4109999999996,0,CLIK
21221010,ประมาณการผลประโยชน์พนักงานหลังออกจากงาน,,     ผลประโยชน์พนักงาน,Liabilities,Trade Payables / AP,-7654923.64,-2825152.88,-378193.48,-10858270,-79010.3064,-29159.819900000002,-3903.5246,-112073.6509,"ACG,HMW,CLIK"
21221011,หนี้สินไม่หมุนเวียนอื่น,,หนี้สินไม่หมุนเวียนอื่น,Liabilities,Trade Payables / AP,-6213079,0,0,-6213079,0,0,0,0,ACG
21221012,หนี้สินภาษีเงินได้รอการตัดบัญชี,,สินทรัพย์ภาษีเงินได้รอการตัดบัญชี,Asset,Trade Payables / AP,0,-514229.31,-947924.43,-1462153.74,0,-5387.206,-9930.7138,-15317.9198,"HMW,CLIK"
21221013,หนี้สินตามสัญญาเช่า,,หนี้สินตามสัญญาเช่า,Liabilities,Trade Payables / AP,0,-153557131.22,-75154029.66,-228711160.88,0,-1618194.2103,-791977.6484000001,-2410171.8587,"HMW,CLIK"
21221014,ดอกเบี้ยรอตัดจ่าย-สัญญาเช่า,,หนี้สินตามสัญญาเช่า,Liabilities,Trade Payables / AP,0,61541115.19,9550337.69,71091452.88,0,648523.9435,100642.0284,749165.9719,"HMW,CLIK"
21221050,ค่ารื้อถอน,,ประมาณการหนี้สินไม่หมุนเวียนอื่น,Liabilities,Trade Payables / AP,0,0,-6213079,-6213079,0,0,-62906.2512,-62906.2512,CLIK
21221060,ประมาณการหนี้สินจากการรับประกันสินค้า,,หนี้สินหมุนเวียนอื่น,Liabilities,Trade Payables / AP,0,0,-342255.36,-342255.36,0,0,-2041.378,-2041.378,CLIK
31100010,ทุนที่ออกและเรียกชำระแล้ว,, ทุนที่ออกและชำระแล้ว,Equity,Equity / Share Capital,-300000000,-550000000,550000000,-300000000,-3000000,-5500000,-500000,-3000000,"ACG,HMW,CLIK"
31100020,ส่วนเกินมูลค่าหุ้น,,ส่วนเกินมูลค่าหุ้นสามัญ,Equity,Equity / Share Capital,-137109509,0,0,-137109509,-1371095.091,0,0,-1371095.091,ACG
31200010,กำไรสะสมจัดสรร-สำรองตามกฎหมาย,,         ทุนสำรองตามกฎหมาย,Equity,Equity / Share Capital,-8378303,-38789998.56,38789998.56,-8378303,-83783.0331,-387900,0,-83783.0331,"ACG,HMW,CLIK"
31200030,กำไร(ขาดทุน)สะสมที่ยังมิได้จัดสรร,,     ยังไม่ได้จัดสรร ,Equity,Equity / Share Capital,-282963497.26,-408351971.86,425616068.81,-265699400.31,-2828759.1675,-4082255.8215999994,1927463.6470000006,-2656171.6324228877,"ACG,HMW,CLIK"
31200040,เงินปันผลจ่าย,,     ยังไม่ได้จัดสรร ,Equity,Equity / Share Capital,113683752.37,147045512.3,-140043345.05,120685919.62,1136485.6592,1470000,0,1206485.6592,"ACG,HMW,CLIK"
31200050,กำไร(ขาดทุน)เบ็ดเสร็จอื่น,,     ยังไม่ได้จัดสรร ,Equity,Equity / Share Capital,3371879.19,-263712.82,-61173.68,3046992.69,33708.3555,-2636.312,-611.5473999999999,30460.496099999993,"ACG,HMW,CLIK"
31200060,ใบสำคัญแสดงสิทธิซื้อหุ้นสามัญ,,ใบสำคัญแสดงสิทธิที่จะซื้อหุ้น,Equity,Equity / Share Capital,-16113897,0,0,-16113897,-161484.1739,0,0,-161484.1739,ACG
41110002,รายได้จากการขาย-อะไหล่จากผู้จำหน่ายในพื้นที่,รายได้จากบริการซ่อมและขายอะไหล่,รายได้จากการขาย,PL,Revenue / Income,0,0,-72506625.76,-72506625.76,0,0,-140016.96790000002,-140016.96790000002,CLIK
41110003,รายได้จากการขายอะไหล่-ฝากขาย,รายได้จากบริการซ่อมและขายอะไหล่,รายได้จากการขาย,PL,Revenue / Income,0,0,-8167076.18,-8167076.18,0,0,-15771.375800000002,-15771.375800000002,CLIK
41110010,รายได้จากการขายรถยนต์,รายได้จากการขายรถยนต์และอุปกรณ์ตกแต่ง,รายได้จากการขาย,PL,Revenue / Income,0,-746572874.83,0,-746572874.83,0,-1441700.9363999998,0,-1441700.9363999998,HMW
41110020,รายได้จากการขายรถยนต์ที่ใช้แล้ว,รายได้จากการขายรถยนต์และอุปกรณ์ตกแต่ง,รายได้จากการขาย,PL,Revenue / Income,0,0,0,0,0,0,0,0,-
41110097,ส่วนลดจ่าย-อะไหล่ฝากขาย,รายได้จากบริการซ่อมและขายอะไหล่,รายได้จากการขาย,PL,Revenue / Income,0,0,659406.27,659406.27,0,0,1273.3742,1273.3742,CLIK
41110098,ส่วนลดจ่าย-รถยนต์,รายได้จากการขายรถยนต์และอุปกรณ์ตกแต่ง,รายได้จากการขาย,PL,Revenue / Income,0,16027286.55,0,16027286.55,0,30950.1655,0,30950.1655,HMW
41110099,ส่วนลดเงินสด-รถยนต์,รายได้จากการขายรถยนต์และอุปกรณ์ตกแต่ง,รายได้จากการขาย,PL,Revenue / Income,0,0,0,0,0,0,0,0,-
41110100,ส่วนลดจ่าย-อะไหล่จากผู้จำหน่ายในพื้นที่,รายได้จากบริการซ่อมและขายอะไหล่,รายได้จากการขาย,PL,Revenue / Income,0,0,445419.27,445419.27,0,0,860.1456,860.1456,CLIK
41210010,รายได้จากการขายอะไหล่,รายได้จากบริการซ่อมและขายอะไหล่,รายได้จากการขาย,PL,Revenue / Income,0,-232610596.97,-175929221.26,-408539818.23,0,-449192.4724,-339735.5189,-788927.9913,"HMW,CLIK"
41210011,รายได้จากการขายอะไหล่ - BP,รายได้จากบริการซ่อมและขายอะไหล่,รายได้จากการขาย,PL,Revenue / Income,0,-70958903.72,0,-70958903.72,0,-137028.1742,0,-137028.1742,HMW
41210097,ส่วนลดจ่าย-อะไหล่ - GRPM,รายได้จากบริการซ่อมและขายอะไหล่,รายได้จากการขาย,PL,Revenue / Income,0,3758596.82,0,3758596.82,0,7258.196399999999,0,7258.196399999999,HMW
41210098,ส่วนลดจ่าย-อะไหล่,รายได้จากบริการซ่อมและขายอะไหล่,รายได้จากการขาย,PL,Revenue / Income,0,6124768.34,22513544.3,28638312.64,0,11827.491399999999,43475.726200000005,55303.217599999996,"HMW,CLIK"
41210099,ส่วนลดเงินสด-อะไหล่,รายได้จากบริการซ่อมและขายอะไหล่,รายได้จากการขาย,PL,Revenue / Income,0,0,0,0,0,0,0,0,-
41211010,รายได้จากการขายอุปกรณ์ตกแต่ง,รายได้จากการขายรถยนต์และอุปกรณ์ตกแต่ง,รายได้จากการขาย,PL,Revenue / Income,0,-11300887.96,0,-11300887.96,0,-21823.054799999998,0,-21823.054799999998,HMW
41211011,รายได้จากการขายอุปกรณ์ตกแต่ง-ออนไลน์,รายได้จากการขายรถยนต์และอุปกรณ์ตกแต่ง,รายได้จากการขาย,PL,Revenue / Income,0,0,0,0,0,0,0,0,-
41211012,รายได้จากการขายอุปกรณ์ตกแต่ง - GRPM,,รายได้จากการขาย,PL,Revenue / Income,0,-2200987.53,0,-2200987.53,0,-4250.3095,0,-4250.3095,HMW
41211013,รายได้จากการขายอุปกรณ์ตกแต่ง - BP,,รายได้จากการขาย,PL,Revenue / Income,0,-4716657.63,0,-4716657.63,0,-9108.3,0,-9108.3,HMW
41211095,ส่วนลดจ่าย-อุปกรณ์ตกแต่ง - Sale,รายได้จากการขายรถยนต์และอุปกรณ์ตกแต่ง,รายได้จากการขาย,PL,Revenue / Income,0,68169.36,0,68169.36,0,131.6413,0,131.6413,HMW
41211096,ส่วนลดจ่าย-อุปกรณ์ตกแต่ง - GRPM,,รายได้จากการขาย,PL,Revenue / Income,0,54970.24,0,54970.24,0,106.1526,0,106.1526,HMW
41211097,ส่วนลดจ่ายอุปกรณ์ตกแต่ง-ออนไลน์,รายได้จากการขายรถยนต์และอุปกรณ์ตกแต่ง,รายได้จากการขาย,PL,Revenue / Income,0,0,0,0,0,0,0,0,-
41211098,ส่วนลดจ่าย-อุปกรณ์ตกแต่ง - BP,รายได้จากการขายรถยนต์และอุปกรณ์ตกแต่ง,รายได้จากการขาย,PL,Revenue / Income,0,94373.08,0,94373.08,0,182.24310000000003,0,182.24310000000003,HMW
41211099,ส่วนลดเงินสด-อุปกรณ์ตกแต่ง,รายได้จากการขายรถยนต์และอุปกรณ์ตกแต่ง,รายได้จากการขาย,PL,Revenue / Income,0,0,0,0,0,0,0,0,-
41212010,รายได้จากการขายอะไหล่เคลม,รายได้จากบริการซ่อมและขายอะไหล่,รายได้จากการขาย,PL,Revenue / Income,0,-39274984.83,0,-39274984.83,0,-75843.6106,0,-75843.6106,HMW
41212098,ส่วนลดจ่าย-อะไหล่เคลม,รายได้จากบริการซ่อมและขายอะไหล่,รายได้จากการขาย,PL,Revenue / Income,0,0,0,0,0,0,0,0,-
41212099,ส่วนลดเงินสด-อะไหล่เคลม,รายได้จากบริการซ่อมและขายอะไหล่,รายได้จากการขาย,PL,Revenue / Income,0,0,0,0,0,0,0,0,-
41310003,รายได้ค่าบริการซ่อม-อะไหล่จากผู้จำหน่ายในพื้นที่,รายได้จากบริการซ่อมและขายอะไหล่,รายได้จากการให้บริการ,PL,Revenue / Income,0,0,0,0,0,0,0,0,-
41310004,รายได้ค่าบริการ-ฟลัชชิ่งระบบแอร์,รายได้จากบริการซ่อมและขายอะไหล่,รายได้จากการให้บริการ,PL,Revenue / Income,0,0,-10863.09,-10863.09,0,0,-10863.09,-10863.09,CLIK
41310010,รายได้ค่าบริการซ่อมรถยนต์,รายได้จากบริการซ่อมและขายอะไหล่,รายได้จากการให้บริการ,PL,Revenue / Income,0,-95876.81,-49103.29,-144980.099,0,-95876.8075,-49103.29149999999,-144980.099,"HMW,CLIK"
41310011,รายได้ค่าบริการซ่อมรถยนต์-เคาะพ่นสี,รายได้จากบริการซ่อมและขายอะไหล่,รายได้จากการให้บริการ,PL,Revenue / Income,0,-216098.74,0,-216098.7391,0,-216098.7391,0,-216098.7391,HMW
41310012,รายได้ค่าบริการ-อื่น,รายได้จากบริการซ่อมและขายอะไหล่,รายได้จากการให้บริการ,PL,Revenue / Income,0,-2387.42,-7609.33,-9996.7499,0,-2387.4163,-7609.3336,-9996.7499,"HMW,CLIK"
41310013,รายได้ค่าบริการ-บริหารจัดการ,รายได้ค่าบริการ-บริหารจัดการ,รายได้จากการให้บริการ,PL,Revenue / Income,0,0,0,0,-171501.509,-6.332999999999999,0,0,"ACG,HMW"
41310013-1,รายได้ค่าบริการ-เคลือบเซรามิค 9H,รายได้จากบริการซ่อมและขายอะไหล่,รายได้จากการให้บริการ,PL,Revenue / Income,0,0,0,0,0,0,0,0,-
41310015,รายได้ค่าบริการ-ล้างหัวฉีดเครื่องยนต์,รายได้จากบริการซ่อมและขายอะไหล่,รายได้จากการให้บริการ,PL,Revenue / Income,0,0,0,0,0,0,0,0,-
41310016,รายได้ค่าบริการเช็คระยะรถยนต์ - PM,รายได้จากบริการซ่อมและขายอะไหล่,รายได้จากการให้บริการ,PL,Revenue / Income,0,-43811.35,0,-43811.35,0,-43811.35,0,-43811.35,HMW
41310096,ส่วนลดจ่าย-บริการเช็คระยะ - PM,รายได้จากบริการซ่อมและขายอะไหล่,รายได้จากการให้บริการ,PL,Revenue / Income,0,495.86,0,495.8641,0,495.8641,0,495.8641,HMW
41310097,ส่วนลดจ่าย-ค่าบริการฟลัชชิ่ง,รายได้จากบริการซ่อมและขายอะไหล่,รายได้จากการให้บริการ,PL,Revenue / Income,0,672.2,1885.24,2557.4404,0,672.1988,1885.2416,2557.4404,"HMW,CLIK"
41310098,ส่วนลดจ่าย-บริการซ่อม,รายได้จากบริการซ่อมและขายอะไหล่,รายได้จากการให้บริการ,PL,Revenue / Income,0,19574.14,20724.82,40298.9589,0,19574.143500000002,20724.8154,40298.9589,"HMW,CLIK"
41310099,ส่วนลดเงินสด-บริการซ่อม,รายได้จากบริการซ่อมและขายอะไหล่,รายได้จากการให้บริการ,PL,Revenue / Income,0,0,0,0,0,0,0,0,-
41310100,ส่วนลดจ่าย-บริการซ่อมอะไหล่จากผู้จำหน่ายในพื้นที่,รายได้จากบริการซ่อมและขายอะไหล่,รายได้จากการให้บริการ,PL,Revenue / Income,0,0,0,0,0,0,0,0,-
41410010,รายได้บริการเคลมฮอนด้า,รายได้จากบริการซ่อมและขายอะไหล่,รายได้จากการให้บริการ,PL,Revenue / Income,0,-37239.26,0,-37239.2605,0,-37239.2605,0,-37239.2605,HMW
41410098,ส่วนลดจ่าย-VOUCHER,ค่าใช้จ่ายในการจัดจำหน่าย,ต้นทุนในการจัดจำหน่าย,PL,Revenue / Income,0,0,3200,3200,0,0,3200,3200,CLIK
41510010,รายได้จากผลิตภัณฑ์เสริม - Sale,รายได้จากการขายรถยนต์และอุปกรณ์ตกแต่ง,รายได้จากการขาย,PL,Revenue / Income,0,-12081392.4,0,-12081392.4,0,-23330.280700000003,0,-23330.280700000003,HMW
41510011,รายได้จากผลิตภัณฑ์เสริม - Service,รายได้จากบริการซ่อมและขายอะไหล่,รายได้จากการให้บริการ,PL,Revenue / Income,0,-144092.28,0,-144092.2783,0,-144092.27829999998,0,-144092.27829999998,HMW
41510098,ส่วนลดจ่าย Untimate Care,รายได้จากการขายรถยนต์และอุปกรณ์ตกแต่ง,รายได้จากการขาย,PL,Revenue / Income,0,130670.36,0,130670.36,0,252.3365,0,252.3365,HMW
41510099,ส่วนลดจ่ายผลิตภัณฑ์เสริม - Service,รายได้จากบริการซ่อมและขายอะไหล่,รายได้จากการให้บริการ,PL,Revenue / Income,0,901.5,0,901.4981,0,901.4981,0,901.4981,HMW
42110010,ดอกเบี้ยรับ,รายได้อื่น,รายได้อื่น,PL,Other (PL),-2618.54,-7587.9,-9355.94,-19562.38,-5.208099999999999,-15.0918,-18.6083,-38.908199999999994,"ACG,HMW,CLIK"
42110011,เงินปันผลรับ,รายได้เงินปันผล,รายได้เงินปันผล,PL,Other (PL),0,0,0,0,0,0,0,0,-
42110012,กำไรจากการขายสินทรัพย์ถาวร,รายได้อื่น,ค่าใช้จ่ายในการบริหาร,PL,Other (PL),0,-15361.42,-3063.37,-18424.79,0,-39.4495,-7.867000000000001,-47.316500000000005,"HMW,CLIK"
42110013,รายได้-เงินรางวัลการขายเป้ารายเดือน-HONDA,ต้นทุนขายรถยนต์และอุปกรณ์ตกแต่ง,ต้นทุนขาย,PL,Other (PL),0,-4700710.58,0,-4700710.58,0,-9158.7279,0,-9158.7279,HMW
42110014,รายได้-เงินช่วยเหลือรถทดลองขับ,รายได้อื่น,รายได้อื่น,PL,Other (PL),0,0,0,0,0,0,0,0,-
42110015,รายได้-ค่าช่วยเหลือจัดกิจกรรม,รายได้อื่น,รายได้อื่น,PL,Other (PL),0,0,0,0,0,0,0,0,-
42110016,รายได้-ค่าช่วยเหลือการขายอื่น-HONDA,ต้นทุนขายรถยนต์และอุปกรณ์ตกแต่ง,ต้นทุนขาย,PL,Other (PL),0,-3010044.02,0,-3010044.02,0,-5864.6822999999995,0,-5864.6822999999995,HMW
42110017,รายได้-ค่านายหน้าไฟแนนซ์,รายได้ค่านายหน้า,รายได้ค่านายหน้า,PL,Other (PL),0,-34148.01,0,-34148.0053,0,-34148.0053,0,-34148.0053,HMW
42110018,รายได้-ค่านายหน้าประกันภัย,รายได้ค่านายหน้า,รายได้ค่านายหน้า,PL,Other (PL),0,-887.1,0,-887.0976,0,-887.0976,0,-887.0976,HMW
42110019,รายได้-ค่านายหน้าต่อประกันภัย,รายได้ค่านายหน้า,รายได้ค่านายหน้า,PL,Other (PL),0,-19611.1,-86.99,-19698.0936,0,-19611.1016,-86.992,-19698.0936,"HMW,CLIK"
42110020,รายได้-ค่าดำเนินการทะเบียน,รายได้อื่น,รายได้อื่น,PL,Other (PL),0,-1492866.02,0,-1492866.02,0,-2969.2058999999995,0,-2969.2058999999995,HMW
42110021,รายได้-ค่าธรรมเนียมการใช้ป้ายแดง,รายได้อื่น,รายได้อื่น,PL,Other (PL),0,-232593.01,0,-232593.01,0,-462.61120000000005,0,-462.61120000000005,HMW
42110022,รายได้-อื่น,รายได้อื่น,รายได้อื่น,PL,Other (PL),0,-155639.32,31540.38,-124098.94,0,-309.55570000000006,-15.452699999999968,-246.8241,"HMW,CLIK"
42110023,รายได้-อื่น(ไม่มีVAT),รายได้อื่น,รายได้อื่น,PL,Other (PL),-69773.55,-2915221.61,-388498.65,-3373493.81,-138.7747,-5798.1714999999995,-772.6966,-6709.642799999999,"ACG,HMW,CLIK"
42110024,เงินปันผลรับจากบริษัทย่อยและบริษัทร่วม,รายได้เงินปันผล,รายได้เงินปันผล,PL,Other (PL),0,0,0,0,0,0,0,0,-
42110025,เงินปันผลรับจากบริษัทอื่น,รายได้เงินปันผล,รายได้เงินปันผล,PL,Other (PL),0,0,0,0,0,0,0,0,-
42110027,รายได้-ค่าเช่า,รายได้อื่น,รายได้อื่น,PL,Other (PL),0,-3964694.74,3338730,-625964.74,0,-7885.5,0,-1245,"HMW,CLIK"
42110028,รายได้-ค่าช่วยเหลือการขาย (รายได้อื่น),รายได้อื่น,รายได้อื่น,PL,Other (PL),0,0,0,0,0,0,0,0,-
42110029,ดอกเบี้ยรับบริษัทที่เกี่ยวข้องกัน,รายได้อื่น,รายได้อื่น,PL,Other (PL),0,0,0,0,0,-28025.753399999998,0,0,HMW
42110030,รายได้ค่าบริการ-ประเมินค่าซ่อม,รายได้อื่น,รายได้อื่น,PL,Other (PL),0,-7556.83,0,-7556.83,0,-15.03,0,-15.03,HMW
42110031,ส่วนลดรับอื่น,รายได้อื่น,รายได้อื่น,PL,Other (PL),0,-2604.42,-7018.85,-9623.27,0,-5.18,-13.96,-19.14,"HMW,CLIK"
42110032,กำไร (ขาดทุน) จากการเปลี่ยนแปลงสัญญาเช่า,รายได้อื่น,ค่าใช้จ่ายในการบริหาร,PL,Other (PL),0,0,0,0,0,0,0,0,-
42110033,รายได้อื่น-ขายของเก่า,รายได้อื่น,รายได้อื่น,PL,Other (PL),0,-2473636.02,-3045422.57,-5519058.59,0,-4919.8886999999995,-6057.1321,-10977.0208,"HMW,CLIK"
42110034,รายได้-PREMIUMCARE,รายได้อื่น,รายได้อื่น,PL,Other (PL),0,0,-42078.86,-42078.86,0,0,-83.6919,-83.6919,CLIK
42110034-1,รายได้-ค่าช่วยเหลือการขาย-Sale,ต้นทุนขายรถยนต์และอุปกรณ์ตกแต่ง,ต้นทุนขาย,PL,Other (PL),0,-32937773.07,0,-32937773.07,0,-64175,0,-64175,HMW
42110036,รายได้-เงินรางวัลการขาย - ประกันภัย,รายได้อื่น,รายได้อื่น,PL,Other (PL),0,-1445622.12,0,-1445622.12,0,-2875.2410999999997,0,-2875.2410999999997,HMW
42110037,รายได้-เงินรางวัลการขาย - ต่อประกันภัย,รายได้อื่น,รายได้อื่น,PL,Other (PL),0,-227760.66,0,-227760.66,0,-453,0,-453,HMW
42110039,รายได้ค่าดำเนินการทะเบียน (ปีต่อ),รายได้อื่น,รายได้อื่น,PL,Other (PL),0,-129878.78,0,-129878.78,0,-258.3198,0,-258.3198,HMW
51110003,ต้นทุนขาย-อะไหล่จากผู้จำหน่ายในพื้นที่,ต้นทุนบริการซ่อมและขายอะไหล่,ต้นทุนขาย,PL,Cost of Sales / COGS,0,0,49013518.46,49013518.46,0,0,95496.51520000001,95496.51520000001,CLIK
51110004,ค่าขนส่ง-อะไหล่จากผู้จำหน่ายในพื้นที่,ต้นทุนบริการซ่อมและขายอะไหล่,ต้นทุนขาย,PL,Cost of Sales / COGS,0,0,274388.2,274388.2,0,0,534.61,534.61,CLIK
51110005,ต้นทุนขายอะไหล่-ฝากขาย,รายได้จากบริการซ่อมและขายอะไหล่,รายได้จากการขาย,PL,Cost of Sales / COGS,0,0,2447634.86,2447634.86,0,0,4726.6082,4726.6082,CLIK
51110010,ต้นทุนขายรถยนต์,ต้นทุนขายรถยนต์และอุปกรณ์ตกแต่ง,ต้นทุนขาย,PL,Cost of Sales / COGS,0,716583789.38,0,716583789.38,0,1396171.0337999999,0,1396171.0337999999,HMW
51110020,ต้นทุนขายรถยนต์ที่ใช้แล้ว,ต้นทุนขายรถยนต์และอุปกรณ์ตกแต่ง,ต้นทุนขาย,PL,Cost of Sales / COGS,0,0,0,0,0,0,0,0,-
51110098,ส่วนลดรับ-อะไหล่ฝากขาย,รายได้จากบริการซ่อมและขายอะไหล่,รายได้จากการขาย,PL,Cost of Sales / COGS,0,0,-309928.26,-309928.26,0,0,-598.5,-598.5,CLIK
51110099,ส่วนลดรับ-รถยนต์,ต้นทุนขายรถยนต์และอุปกรณ์ตกแต่ง,ต้นทุนขาย,PL,Cost of Sales / COGS,0,0,0,0,0,0,0,0,-
51210010,ต้นทุนขายอะไหล่,ต้นทุนบริการซ่อมและขายอะไหล่,ต้นทุนขาย,PL,Cost of Sales / COGS,0,172044031.15,86207507.13,258251538.28,0,335205.59130000003,167964.202,503169.79329999996,"HMW,CLIK"
51210011,ต้นทุนขายอะไหล่ - BP,,ต้นทุนขาย,PL,Cost of Sales / COGS,0,50808248.26,0,50808248.26,0,98993.31460000001,0,98993.31460000001,HMW
51210099,ส่วนลดรับ-อะไหล่,ต้นทุนบริการซ่อมและขายอะไหล่,ต้นทุนขาย,PL,Cost of Sales / COGS,0,0,-3078734.48,-3078734.48,0,0,-5998.516800000001,-5998.516800000001,CLIK
51211010,ต้นทุนขายอุปกรณ์ตกแต่ง,ต้นทุนขายรถยนต์และอุปกรณ์ตกแต่ง,ต้นทุนขาย,PL,Cost of Sales / COGS,0,5952801.82,0,5952801.82,0,11598.266099999999,0,11598.266099999999,HMW
51211011,ต้นทุนขายอุปกรณ์ตกแต่ง-ออนไลน์,ต้นทุนขายรถยนต์และอุปกรณ์ตกแต่ง,ต้นทุนขาย,PL,Cost of Sales / COGS,0,0,0,0,0,0,0,0,-
51211012,ต้นทุนขายอุปกรณ์ตกแต่ง - GRPM,,ต้นทุนขาย,PL,Cost of Sales / COGS,0,1358019.89,0,1358019.89,0,2645.9265,0,2645.9265,HMW
51211013,ต้นทุนขายอุปกรณ์ตกแต่ง- BP,,ต้นทุนขาย,PL,Cost of Sales / COGS,0,2437277.16,0,2437277.16,0,4748.719999999999,0,4748.719999999999,HMW
51211099,ส่วนลดรับ-อุปกรณ์ตกแต่ง,ต้นทุนขายรถยนต์และอุปกรณ์ตกแต่ง,ต้นทุนขาย,PL,Cost of Sales / COGS,0,0,0,0,0,0,0,0,-
51212010,ต้นทุนขายอะไหล่เคลมฮอนด้า,ต้นทุนบริการซ่อมและขายอะไหล่,ต้นทุนขาย,PL,Cost of Sales / COGS,0,33216552.28,157857.62,33374409.9,0,64718.1653,307.5652000000002,65025.730500000005,"HMW,CLIK"
51213001,ต้นทุนบริการเคลม,ต้นทุนบริการซ่อมและขายอะไหล่,ต้นทุนขาย,PL,Cost of Sales / COGS,0,0,0,0,0,0,0,0,-
51310010,เงินเดือน/ค่าล่วงเวลา-บริการ,ต้นทุนบริการซ่อมและขายอะไหล่,ต้นทุนการให้บริการ,PL,Cost of Sales / COGS,0,3449066.75,5509991.42,8959058.17,0,23571.673300000002,37656.481400000004,61228.15470000001,"HMW,CLIK"
51310011,ต้นทุนค่าบริการ-เคาะพ่นสี,ต้นทุนบริการซ่อมและขายอะไหล่,ต้นทุนการให้บริการ,PL,Cost of Sales / COGS,0,14489092.79,0,14489092.79,0,99021.61559999999,0,99021.61559999999,HMW
51310012,ต้นทุนค่าบริการ-อื่น,ต้นทุนบริการซ่อมและขายอะไหล่,ต้นทุนการให้บริการ,PL,Cost of Sales / COGS,0,1492243.77,0,1492243.77,0,10198.3189,0,10198.3189,HMW
51310012-1,ต้นทุนบริการ- Share Service fee,ต้นทุนการให้บริการ,ต้นทุนการให้บริการ,PL,Cost of Sales / COGS,0,0,0,0,162563.40710000004,0,0,0,ACG
51310013,ค่านายหน้า-บริการ,ต้นทุนบริการซ่อมและขายอะไหล่,ต้นทุนการให้บริการ,PL,Cost of Sales / COGS,0,1530064.94,2264945.77,3795010.71,0,10456.796999999999,15479.1327,25935.929699999997,"HMW,CLIK"
51310014,เบี้ยเลี้ยง-บริการ,ต้นทุนบริการซ่อมและขายอะไหล่,ต้นทุนการให้บริการ,PL,Cost of Sales / COGS,0,-1097.42,68083.87,66986.45,0,-7.5,465.3,457.8,"HMW,CLIK"
51310015,โบนัส-บริการ,ต้นทุนบริการอื่น - บุคลากร,ต้นทุนการให้บริการ,PL,Cost of Sales / COGS,0,0,0,0,0,0,0,0,-
51310016,ค่าสวัสดิการพนักงาน-บริการ,ต้นทุนบริการอื่น - บุคลากร,ต้นทุนการให้บริการ,PL,Cost of Sales / COGS,0,123996.81,0,123996.81,0,847.4212,0,847.4212,HMW
51310017,ค่ารักษาพยาบาล-บริการ,ต้นทุนบริการอื่น - บุคลากร,ต้นทุนการให้บริการ,PL,Cost of Sales / COGS,0,36756.19,10965.23,47721.42,0,251.19979999999998,74.93880000000001,326.1386,"HMW,CLIK"
51310018,เงินสมทบประกันสังคมนายจ้าง-บริการ,ต้นทุนบริการอื่น - บุคลากร,ต้นทุนการให้บริการ,PL,Cost of Sales / COGS,0,166951.07,276507.14,443458.21,0,1140.98,1889.71,3030.69,"HMW,CLIK"
51310019,ผลประโยชน์พนักงานหลังออกจากงาน-บริการ,ต้นทุนบริการอื่น - บุคลากร,ต้นทุนการให้บริการ,PL,Cost of Sales / COGS,0,42593.46,18356.44,60949.9,0,291.093,125.45190000000001,416.5449,"HMW,CLIK"
51310020,วัสดุสิ้นเปลืองใช้ไป-บริการ,ต้นทุนบริการอื่น,ต้นทุนการให้บริการ,PL,Cost of Sales / COGS,0,361322.93,678864.1,1040187.03,0,2469.3596000000002,4639.5051,7108.8647,"HMW,CLIK"
51310021,เครื่องเขียนแบบพิมพ์-บริการ,ต้นทุนบริการอื่น,ต้นทุนการให้บริการ,PL,Cost of Sales / COGS,0,1661.52,0,1661.52,0,11.3552,0,11.3552,HMW
51310022,ค่าเช่าเครื่องถ่ายเอกสาร-บริการ,ต้นทุนบริการอื่น,ต้นทุนการให้บริการ,PL,Cost of Sales / COGS,0,0,0,0,0,0,0,0,-
51310023,ค่าเช่าที่ดิน-บริการ,ต้นทุนบริการอื่น,ต้นทุนการให้บริการ,PL,Cost of Sales / COGS,0,0,0,0,0,0,0,0,-
51310024,ค่าเช่ารถยนต์-บริการ,ต้นทุนบริการอื่น,ต้นทุนการให้บริการ,PL,Cost of Sales / COGS,0,0,0,0,0,0,0,0,-
51310025,ค่าอากรแสตมป์-บริการ,ต้นทุนบริการอื่น,ต้นทุนการให้บริการ,PL,Cost of Sales / COGS,0,0,0,0,0,0,0,0,-
51310026,ค่าไฟฟ้า-บริการ,ต้นทุนบริการอื่น,ต้นทุนการให้บริการ,PL,Cost of Sales / COGS,0,0,0,0,0,0,0,0,-
51310027,ค่าน้ำประปา-บริการ,ต้นทุนบริการอื่น,ต้นทุนการให้บริการ,PL,Cost of Sales / COGS,0,0,0,0,0,0,0,0,-
51310028,ค่าน้ำมันเชื้อเพลิง-บริการ,ต้นทุนบริการอื่น,ต้นทุนการให้บริการ,PL,Cost of Sales / COGS,0,0,0,0,0,0,0,0,-
51310029,ค่าโทรศัพท์-บริการ,ต้นทุนบริการอื่น,ต้นทุนการให้บริการ,PL,Cost of Sales / COGS,0,0,0,0,0,0,0,0,-
51310030,ค่าไปรษณีย์โทรเลข-บริการ,ต้นทุนบริการอื่น,ต้นทุนการให้บริการ,PL,Cost of Sales / COGS,0,0,149.25,149.25,0,0,1.02,1.02,CLIK
51310031,ค่าทะเบียนภาษีรถยนต์-บริการ,ต้นทุนบริการอื่น,ต้นทุนการให้บริการ,PL,Cost of Sales / COGS,0,0,0,0,0,0,0,0,-
51310032,ค่าใช้จ่ายในการเดินทาง-บริการ,ต้นทุนบริการอื่น,ต้นทุนการให้บริการ,PL,Cost of Sales / COGS,0,5726.13,39557.19,45283.32,0,39.1336,270.3425,309.47610000000003,"HMW,CLIK"
51310033,ค่ารักษาความปลอดภัย-บริการ,ต้นทุนบริการอื่น,ต้นทุนการให้บริการ,PL,Cost of Sales / COGS,0,0,0,0,0,0,0,0,-
51310034,ค่าทำความสะอาด-บริการ,ต้นทุนบริการอื่น,ต้นทุนการให้บริการ,PL,Cost of Sales / COGS,0,0,0,0,0,0,0,0,-
51310034-1,ต้นทุนค่าบริการซ่อม-อะไหล่จากผู้จำหน่ายในพื้นที่,ต้นทุนบริการอื่น,ต้นทุนการให้บริการ,PL,Cost of Sales / COGS,0,0,23338.44,23338.44,0,0,159.50000000000003,159.50000000000003,CLIK
51310035,ค่าเบี้ยประกันภัย-บริการ,ต้นทุนการให้บริการ,ต้นทุนการให้บริการ,PL,Cost of Sales / COGS,0,0,0,0,0,0,0,0,-
51310035-1,ค่าที่พัก-บริการ,ต้นทุนบริการอื่น,ต้นทุนการให้บริการ,PL,Cost of Sales / COGS,0,0,0,0,0,0,0,0,-
51310036,การอบรมและพัฒนาบุคลากร-บริการ,ต้นทุนบริการอื่น - บุคลากร,ต้นทุนการให้บริการ,PL,Cost of Sales / COGS,0,0,0,0,0,0,0,0,-
51310036-1,ค่าบริการพื้นที่,ต้นทุนบริการอื่น,ต้นทุนการให้บริการ,PL,Cost of Sales / COGS,0,0,2644834.77,2644834.77,0,0,18075.376800000002,18075.376800000002,CLIK
51310037,ค่าซ่อมแซมบำรุงรักษา-บริการ,ต้นทุนบริการอื่น,ต้นทุนการให้บริการ,PL,Cost of Sales / COGS,0,299975.71,400519.72,700495.43,0,2050.0993,2737.2389999999996,4787.338299999999,"HMW,CLIK"
51310038,ค่าเสื่อมราคา-บริการ,ค่าเสื่อมราคาและตัดจำหน่าย-FA,ต้นทุนการให้บริการ,PL,Cost of Sales / COGS,0,2468582.99,4256402.24,6724985.23,0,16870.8338,29113.5168,45960.01368558476,"HMW,CLIK"
51310039,ค่าลิขสิทธิโปรแกรมตัดจ่าย-บริการ,ค่าเสื่อมราคาและตัดจำหน่าย-FA,ต้นทุนการให้บริการ,PL,Cost of Sales / COGS,0,0,0,0,0,0,0,0,-
51310040,ค่าขนส่งอื่น-ไม่ใช่รถยนต์และอะไหล่-บริการ,ต้นทุนบริการอื่น,ต้นทุนการให้บริการ,PL,Cost of Sales / COGS,0,0,0,0,0,0,0,0,-
51310041,ค่าขนส่งรถยนต์-บริการ,ต้นทุนบริการอื่น,ต้นทุนการให้บริการ,PL,Cost of Sales / COGS,0,146.32,77526.07,77672.39,0,1,529.83,530.83,"HMW,CLIK"
51310042,ค่าใช้จ่ายเบ็ดเตล็ด-บริการ,ต้นทุนบริการอื่น,ต้นทุนการให้บริการ,PL,Cost of Sales / COGS,0,80222.48,0,80222.48,0,548.2579000000001,0,548.2579000000001,HMW
51310043,กองทุนสำรองเลี้ยงชีพ-บริการ,ต้นทุนบริการอื่น - บุคลากร,ต้นทุนการให้บริการ,PL,Cost of Sales / COGS,0,170761.85,171569.88,342331.73,0,1167.0237,1172.5459,2339.5696,"HMW,CLIK"
51310044,ดอกเบี้ยจ่ายสัญาเช่า-บริการ,ต้นทุนทางการเงิน-สัญญาเช่า,ต้นทุนทางการเงิน,PL,Cost of Sales / COGS,0,1328752.96,3119451.62,4448204.58,0,2513.6792,5901.2479,8414.927099999999,"HMW,CLIK"
51310045,ค่าเสื่อมราคาสัญญาเช่า-บริการ,ค่าเสื่อมราคาและตัดจำหน่าย-ค่าเช่าที่,ต้นทุนการให้บริการ,PL,Cost of Sales / COGS,0,311483.66,2972370.6,3283854.26,0,2128.7472,20313.828,22442.5752,"HMW,CLIK"
51310046,ต้นทุนค่าบริการ-เคลือบเซรามิค9H,ต้นทุนขายรถยนต์และอุปกรณ์ตกแต่ง,ต้นทุนการให้บริการ,PL,Cost of Sales / COGS,0,0,0,0,0,0,0,0,-
51310047,ต้นทุนค่าบริการ-ล้างหัวฉีดเครื่องยนต์,ต้นทุนบริการอื่น,ต้นทุนการให้บริการ,PL,Cost of Sales / COGS,0,0,0,0,0,0,0,0,-
51310048,เบี้ยเลี้ยงนักศึกษาฝึกงาน-บริการ,ต้นทุนบริการอื่น,ต้นทุนการให้บริการ,PL,Cost of Sales / COGS,0,907356.81,573352.87,1480709.68,0,6201.0740000000005,3918.4184000000005,10119.4924,"HMW,CLIK"
51310049,ต้นทุนขาย-PREMIUMCAR,ต้นทุนการให้บริการ,ต้นทุนการให้บริการ,PL,Cost of Sales / COGS,0,0,2427.05,2427.05,0,0,16.587,16.587,CLIK
51310050,เบี้ยขยัน-บริการ,ต้นทุนการให้บริการ,ต้นทุนการให้บริการ,PL,Cost of Sales / COGS,0,66576.75,182171.54,248748.29,0,455,1245,1700,"HMW,CLIK"
51310051,ค่าล่วงเวลา-บริการ,ต้นทุนการให้บริการ,ต้นทุนการให้บริการ,PL,Cost of Sales / COGS,0,46736.85,651871.09,698607.94,0,319.4098,4455.029,4774.4388,"HMW,CLIK"
51310052,ผลประโยช์ของพนักงานอื่น-บริการ,ต้นทุนการให้บริการ,ต้นทุนการให้บริการ,PL,Cost of Sales / COGS,0,120716.08,123215.27,243931.35,0,825,842.08,1667.08,"HMW,CLIK"
51310053,ค่าแรงจูงใจพนักงาน-บริการ,ต้นทุนการให้บริการ,ต้นทุนการให้บริการ,PL,Cost of Sales / COGS,0,96572.86,16805.6,113378.46,0,660,114.85309999999998,774.8530999999999,"HMW,CLIK"
51310054,ค่าชุดยูนิฟอร์มพนักงาน-บริการ,ต้นทุนการให้บริการ,ต้นทุนการให้บริการ,PL,Cost of Sales / COGS,0,69002.56,190003.86,259006.42,0,471.57849999999996,1298.5278000000003,1770.1063000000004,"HMW,CLIK"
51410010,ต้นทุนขาย Untimate Care,ต้นทุนขายรถยนต์และอุปกรณ์ตกแต่ง,ต้นทุนขาย,PL,Cost of Sales / COGS,0,3976655.49,0,3976655.49,0,7748,0,7748,HMW
51410011,ต้นทุนผลิตภัณฑ์เสริม - Service,ต้นทุนการให้บริการ,ต้นทุนการให้บริการ,PL,Cost of Sales / COGS,0,8870157.71,0,8870157.71,0,60620.5896,0,60620.5896,HMW
61110010,ค่านายหน้าในการขาย,ค่าใช้จ่ายในการจัดจำหน่าย,ต้นทุนในการจัดจำหน่าย,PL,Other (PL),0,3297.07,3540.78,6837.854300000001,0,3297.0690000000004,3540.7853000000005,6837.854300000001,"HMW,CLIK"
61110011,ค่าส่งเสริมการขาย-ของแถม,รายได้จากการขายรถยนต์และอุปกรณ์ตกแต่ง,รายได้จากการขาย,PL,Other (PL),0,3399458.84,47.95,3399506.79,0,6564.6679,0.0925999999999999,6564.7605,"HMW,CLIK"
61110012,ค่าส่งเสริมการขาย-อื่น,ค่าใช้จ่ายในการจัดจำหน่าย,ต้นทุนในการจัดจำหน่าย,PL,Other (PL),0,7618.91,2855.81,10474.7179,0,7618.9117,2855.8062,10474.7179,"HMW,CLIK"
61110013,ค่าโฆษณา,ค่าใช้จ่ายในการจัดจำหน่าย,ต้นทุนในการจัดจำหน่าย,PL,Other (PL),0,1612.36,7400.81,9013.1724,0,1612.3573000000001,7309.9522,9013.1724,"HMW,CLIK"
61110014,ค่าจัดกิจกรรมทางการตลาด,ค่าใช้จ่ายในการจัดจำหน่าย,ต้นทุนในการจัดจำหน่าย,PL,Other (PL),0,0,0,0,0,0,0,0,-
61110015,ค่านายหน้าอื่น,ค่าใช้จ่ายในการจัดจำหน่าย,ต้นทุนในการจัดจำหน่าย,PL,Other (PL),0,0,188.1,188.1004,0,0,197.3634,188.1004,CLIK
61110016,ค่าเสื่อมราคา-ขาย,ค่าเสื่อมราคาและตัดจำหน่าย-FA,ต้นทุนในการจัดจำหน่าย,PL,Other (PL),0,22346.27,0,22346.2664,0,22346.266399999997,0,22346.266399999997,HMW
61110017,ค่าเสริมการขาย-แถมจดทะเบียน,รายได้จากการขายรถยนต์และอุปกรณ์ตกแต่ง,รายได้จากการขาย,PL,Other (PL),0,89983.08,0,89983.08,0,173.7656,0,173.7656,HMW
61110018,ค่าขนส่งรถยนต์และอะไหล่-ขาย,ค่าใช้จ่ายในการจัดจำหน่าย,ต้นทุนในการจัดจำหน่าย,PL,Other (PL),0,1856.84,0,1856.84,0,1856.84,0,1856.84,HMW
61110018-1,ค่าธรรมเนียมธุรกรรมทางการเงิน-ขาย,ค่าใช้จ่ายในการจัดจำหน่าย,ต้นทุนในการจัดจำหน่าย,PL,Other (PL),0,0,6683.64,6683.640600000001,0,0,6683.640600000001,6683.640600000001,CLIK
61110019,ผลประโยชน์พนักงานหลังออกจากงาน-ขาย,ค่าใช้จ่ายบุคลากร,ต้นทุนในการจัดจำหน่าย,PL,Other (PL),0,305.96,128.48,434.4401999999999,0,305.9601,128.4801,434.44019999999995,"HMW,CLIK"
61110020,ค่าสวัสดิการพนักงาน-ขาย,ค่าใช้จ่ายบุคลากร,ต้นทุนในการจัดจำหน่าย,PL,Other (PL),0,36.84,0,36.8383,0,36.8383,0,36.8383,HMW
61110021,ค่าน้ำมันเชื้อเพลิง-ขาย,ค่าใช้จ่ายในการจัดจำหน่าย,ต้นทุนในการจัดจำหน่าย,PL,Other (PL),0,399,0,399,0,399,0,399,HMW
61110022,เงินเดือน/ค่าล่วงเวลา-ขาย,ค่าใช้จ่ายบุคลากร,ต้นทุนในการจัดจำหน่าย,PL,Other (PL),0,2451.22,8945.18,11396.3992,0,2451.2166,8945.1826,11396.3992,"HMW,CLIK"
61110023,เงินสมทบประกันสังคมนายจ้าง-ขาย,ค่าใช้จ่ายบุคลากร,ต้นทุนในการจัดจำหน่าย,PL,Other (PL),0,105,306.25,411.25,0,105,306.25,411.25,"HMW,CLIK"
61110024,กองทุนสำรองเลี้ยงชีพ-ขาย,ต้นทุนบริการอื่น - บุคลากร,ต้นทุนในการจัดจำหน่าย,PL,Other (PL),0,100.88,284.05,384.9259,0,100.8839,284.04200000000003,384.92589999999996,"HMW,CLIK"
61110025,ค่าเช่าที่ดิน-ขาย,ค่าใช้จ่ายในการจัดจำหน่าย,ต้นทุนในการจัดจำหน่าย,PL,Other (PL),0,0,0,0,0,0,0,0,-
61110026,เบี้ยเลี้ยง-ขาย,ค่าใช้จ่ายในการจัดจำหน่าย,ต้นทุนในการจัดจำหน่าย,PL,Other (PL),0,0,155.25,155.25,0,0,155.25,155.25,CLIK
61110027,ดอกเบี้ยจ่ายสัญาเช่า-ขาย,ต้นทุนทางการเงิน-สัญญาเช่า,ต้นทุนทางการเงิน,PL,Other (PL),0,504553.25,0,504553.25,0,954.4927,0,954.4927,HMW
61110028,ค่าเสื่อมราคาสัญญาเช่า-ขาย,ค่าเสื่อมราคาและตัดจำหน่าย-ค่าเช่าที่,ต้นทุนในการจัดจำหน่าย,PL,Other (PL),0,804.11,0,804.1066000000001,0,804.1066000000001,0,804.1066000000001,HMW
61110029,ค่าธรรมเนียมการขาย-ออนไลน์,ค่าใช้จ่ายในการจัดจำหน่าย,ต้นทุนในการจัดจำหน่าย,PL,Other (PL),0,0,0,0,0,0,0,0,-
61110030,ค่าธุรกรรมการชำระเงิน-ออนไลน์,ค่าใช้จ่ายในการจัดจำหน่าย,ต้นทุนในการจัดจำหน่าย,PL,Other (PL),0,0,0,0,0,0,0,0,-
61110031,ค่าขนส่ง-ออนไลน์,ค่าใช้จ่ายในการจัดจำหน่าย,ต้นทุนในการจัดจำหน่าย,PL,Other (PL),0,0,0,0,0,0,0,0,-
61110032,ค่าซ่อมแซมบำรุงรักษา-ขาย,ค่าใช้จ่ายในการจัดจำหน่าย,ต้นทุนในการจัดจำหน่าย,PL,Other (PL),0,380.79,0,380.7922,0,380.79220000000004,0,380.79220000000004,HMW
61110033,ค่าใช้จ่ายในการเดินทาง-ขาย,ค่าใช้จ่ายในการจัดจำหน่าย,ต้นทุนในการจัดจำหน่าย,PL,Other (PL),0,188.44,182.13,370.57,0,188.44,182.13,370.57,"HMW,CLIK"
61110034,ค่าใช้จ่ายเบ็ดเตล็ด - ขาย,ค่าใช้จ่ายในการจัดจำหน่าย,ต้นทุนในการจัดจำหน่าย,PL,Other (PL),0,0,0,0,0,0,0,0,-
61110035,ค่าจัดทำป้ายโฆษณา,ค่าใช้จ่ายในการจัดจำหน่าย,ต้นทุนในการจัดจำหน่าย,PL,Other (PL),0,0,959.13,959.1336,0,0,959.1336,959.1336,CLIK
61110036,ค่านายหน้าในการขาย(ตัวแทนขาย),ค่าใช้จ่ายในการจัดจำหน่าย,ต้นทุนในการจัดจำหน่าย,PL,Other (PL),0,19718.15,0,19718.1488,0,19718.1488,0,19718.1488,HMW
61110038,ค่าธรรมเนียมธุรกรรมทางการเงิน-ขาย,ค่าใช้จ่ายในการจัดจำหน่าย,ต้นทุนในการจัดจำหน่าย,PL,Other (PL),0,5379.15,0,5379.1504,0,5379.1504,0,5379.1504,HMW
61110040,เงินเดือน/ค่าล่วงเวลาขาย - ศุนย์บริการ,ค่าใช้จ่ายบุคลากร,ต้นทุนในการจัดจำหน่าย,PL,Other (PL),0,15310.14,0,15310.1441,0,15310.1441,0,15310.1441,HMW
61110041,เงินเดือน/ค่าล่วงเวลาขาย - ประกันภัย,ค่าใช้จ่ายบุคลากร,ต้นทุนในการจัดจำหน่าย,PL,Other (PL),0,1341.45,0,1341.4517,0,1341.4517,0,1341.4517,HMW
61110042,ค่านายหน้าในการขาย - ศูนย์บริการ,ค่าใช้จ่ายบุคลากร,ต้นทุนในการจัดจำหน่าย,PL,Other (PL),0,14013.46,0,14013.4582,0,14013.458200000001,0,14013.458200000001,HMW
61110043,ค่านายหน้าในการขาย - ประกันภัย,ค่าใช้จ่ายบุคลากร,ต้นทุนในการจัดจำหน่าย,PL,Other (PL),0,2968.36,0,2968.3597,0,2968.3596999999995,0,2968.3596999999995,HMW
61110044,เบี้ยเลี้ยงขาย - ศูนย์บริการ,ค่าใช้จ่ายบุคลากร,ต้นทุนในการจัดจำหน่าย,PL,Other (PL),0,0,0,0,0,0,0,0,-
61110046,กองทุนสำรองเลี้ยงชีพขาย - ศูนย์บริการ,ค่าใช้จ่ายบุคลากร,ต้นทุนในการจัดจำหน่าย,PL,Other (PL),0,803.67,0,803.6705000000001,0,803.6705000000001,0,803.6705000000001,HMW
61110047,กองทุนสำรองเลี้ยงชีพขาย - ประกันภัย,ค่าใช้จ่ายบุคลากร,ต้นทุนในการจัดจำหน่าย,PL,Other (PL),0,76.42,0,76.4234,0,76.4234,0,76.4234,HMW
61110048,เงินสมทบประกันสังคมนายจ้างขาย - ศูนย์บริการ,ค่าใช้จ่ายบุคลากร,ต้นทุนในการจัดจำหน่าย,PL,Other (PL),0,672.2,0,672.2,0,672.2,0,672.2,HMW
61110049,เงินสมทบประกันสังคมนายจ้างขาย - ประกันภัย,ค่าใช้จ่ายบุคลากร,ต้นทุนในการจัดจำหน่าย,PL,Other (PL),0,67.08,0,67.08,0,67.08,0,67.08,HMW
61110050,เบี้ยขยัน-ขาย,ค่าใช้จ่ายในการจัดจำหน่าย,ต้นทุนในการจัดจำหน่าย,PL,Other (PL),0,0,0,0,0,0,0,0,-
61110052,ผลประโยช์ของพนักงานอื่น-ขาย,ค่าใช้จ่ายในการจัดจำหน่าย,ต้นทุนในการจัดจำหน่าย,PL,Other (PL),0,0,15,15,0,0,15,15,CLIK
61110053,ค่าแรงจูงใจพนักงาน-ขาย,ค่าใช้จ่ายในการจัดจำหน่าย,ต้นทุนในการจัดจำหน่าย,PL,Other (PL),0,0,934.23,934.2314,0,0,934.2314,934.2314,CLIK
61110054,ค่าล่วงเวลา- ศูนย์บริการ,ค่าใช้จ่ายในการจัดจำหน่าย,ต้นทุนในการจัดจำหน่าย,PL,Other (PL),0,89.56,0,89.5623,0,89.5623,0,89.5623,HMW
61110055,ค่าล่วงเวลา- ประกันภัย,ค่าใช้จ่ายบุคลากร,ต้นทุนในการจัดจำหน่าย,PL,Other (PL),0,0.7,0,0.6992,0,0.6992,0,0.6992,HMW
61110056,เบี้ยขยัน - ศูนย์บริการ,ค่าใช้จ่ายในการจัดจำหน่าย,ต้นทุนในการจัดจำหน่าย,PL,Other (PL),0,215,0,215,0,215,0,215,HMW
61110057,เบี้ยขยัน - ประกันภัย,ค่าใช้จ่ายในการจัดจำหน่าย,ต้นทุนในการจัดจำหน่าย,PL,Other (PL),0,65,0,65,0,65,0,65,HMW
61110058,ผลประโยช์ของพนักงานอื่น-ศูนย์บริการ,ค่าใช้จ่ายในการจัดจำหน่าย,ต้นทุนในการจัดจำหน่าย,PL,Other (PL),0,2255,0,2255,0,2255,0,2255,HMW
61110060,ค่าแรงจูงใจพนักงาน-ศูนย์บริการ,ค่าใช้จ่ายในการจัดจำหน่าย,ต้นทุนในการจัดจำหน่าย,PL,Other (PL),0,255,0,255,0,255,0,255,HMW
61110062,ค่ารักษาพยาบาล-ขาย,ค่าใช้จ่ายในการจัดจำหน่าย,ต้นทุนในการจัดจำหน่าย,PL,Other (PL),0,25.08,180.84,205.9153,0,25.076499999999996,180.83880000000002,205.9153,"HMW,CLIK"
61110063,ค่าชุดยูนิฟอร์มพนักงาน-ขาย,ค่าใช้จ่ายในการจัดจำหน่าย,ต้นทุนในการจัดจำหน่าย,PL,Other (PL),0,194.9,187.8,382.7,0,194.9,187.8,382.7,"HMW,CLIK"
61210009,กองทุนสำรองเลี้ยงชีพ,ค่าใช้จ่ายบุคลากร,ค่าใช้จ่ายในการบริหาร,PL,Other (PL),0,726738.19,2448449.79,3175187.98,0,1866.3287,475.5144,8154.166899999999,"HMW,CLIK"
61210010,เงินเดือน/ค่าล่วงเวลา-บริหาร,ค่าใช้จ่ายบุคลากร,ค่าใช้จ่ายในการบริหาร,PL,Other (PL),0,15288622.34,48877305.74,64165928.08,0,39262.5504,14987.896499999999,164783.8457,"HMW,CLIK"
61210010-1,เงินเดือน/ค่าล่วงเวลา-บริหาร-ฝ่ายขาย,ค่าใช้จ่ายบุคลากร,ต้นทุนในการจัดจำหน่าย,PL,Other (PL),0,0,0,0,0,0,0,0,-
61210011,เบี้ยเลี้ยง-บริหาร,ค่าใช้จ่ายบุคลากร,ค่าใช้จ่ายในการบริหาร,PL,Other (PL),0,-4380.69,252327.66,247946.97,0,-11.25,188.25,636.75,"HMW,CLIK"
61210012,โบนัส-บริหาร,ค่าใช้จ่ายบุคลากร,ค่าใช้จ่ายในการบริหาร,PL,Other (PL),0,0,0,0,0,0,0,0,-
61210013,ค่าสวัสดิการพนักงาน-บริหาร,ค่าใช้จ่ายบุคลากร,ค่าใช้จ่ายในการบริหาร,PL,Other (PL),0,90808.05,307205.14,398013.19,0,233.2032,3.52,1022.1335,"HMW,CLIK"
61210014,ค่ารักษาพยาบาล-บริหาร,ค่าใช้จ่ายบุคลากร,ค่าใช้จ่ายในการบริหาร,PL,Other (PL),0,230505.67,51459.5,281965.17,0,591.9592,132.15259999999998,724.1117999999999,"HMW,CLIK"
61210015,เงินสมทบประกันสังคมนายจ้าง-บริหาร,ค่าใช้จ่ายบุคลากร,ค่าใช้จ่ายในการบริหาร,PL,Other (PL),0,781302.13,1457649.36,2238951.49,0,2006.4538,1230.3442,5749.8278,"HMW,CLIK"
61210016,ผลประโยชน์พนักงานหลังออกจากงาน-บริหาร,ค่าใช้จ่ายบุคลากร,ค่าใช้จ่ายในการบริหาร,PL,Other (PL),0,163841.84,864147.1,1027988.94,0,420.76050000000004,131.3277,2639.9676,"HMW,CLIK"
61210017,วัสดุสิ้นเปลืองใช้ไป-บริหาร,ค่าใช้จ่ายในการบริหาร,ค่าใช้จ่ายในการบริหาร,PL,Other (PL),0,625040.99,683465.08,1308506.07,0,1605.1612,1489.4803,3360.3607,"HMW,CLIK"
61210018,เครื่องเขียนแบบพิมพ์-บริหาร,ค่าใช้จ่ายในการบริหาร,ค่าใช้จ่ายในการบริหาร,PL,Other (PL),0,562705.82,369672.4,932378.22,0,1445.0788999999997,267.24,2394.4307,"HMW,CLIK"
61210019,ค่าเช่าเครื่องถ่ายเอกสาร-บริหาร,ค่าใช้จ่ายในการบริหาร,ค่าใช้จ่ายในการบริหาร,PL,Other (PL),0,429354.66,0,429354.66,0,1102.6212,0,1102.6212,HMW
61210020,ค่าเช่าที่ดิน-บริหาร,ค่าใช้จ่ายในการบริหาร,ค่าใช้จ่ายในการบริหาร,PL,Other (PL),0,131011.21,0,131011.21,0,336.44849999999997,0,336.44849999999997,HMW
61210021,ค่าเช่าอื่น-บริหาร,ค่าใช้จ่ายในการบริหาร,ค่าใช้จ่ายในการบริหาร,PL,Other (PL),0,0,-57420.58,-57420.58,0,0,0,-147.46119999999996,CLIK
61210022,ค่าอากรแสตมป์-บริหาร,ค่าใช้จ่ายในการบริหาร,ค่าใช้จ่ายในการบริหาร,PL,Other (PL),284246.33,69635.42,7865.77,361747.52,729.97,178.83,20.2,929,"ACG,HMW,CLIK"
61210023,ค่าภาษีป้ายและภาษีโรงเรือน-บริหาร,ค่าใช้จ่ายในการบริหาร,ค่าใช้จ่ายในการบริหาร,PL,Other (PL),0,130507.45,631975.99,762483.44,0,335.15479999999997,1622.9709000000003,1958.1257,"HMW,CLIK"
61210024,ค่าไฟฟ้า-บริหาร,ค่าใช้จ่ายในการบริหาร,ค่าใช้จ่ายในการบริหาร,PL,Other (PL),0,6021567.37,2349210.27,8370777.64,0,15463.9239,6032.9821999999995,21496.9061,"HMW,CLIK"
61210025,ค่าน้ำประปา-บริหาร,ค่าใช้จ่ายในการบริหาร,ค่าใช้จ่ายในการบริหาร,PL,Other (PL),0,486153.62,57083.29,543236.91,0,1248.486,146.595,1395.0810000000001,"HMW,CLIK"
61210026,ค่าน้ำมันเชื้อเพลิง-บริหาร,ค่าใช้จ่ายในการบริหาร,ค่าใช้จ่ายในการบริหาร,PL,Other (PL),0,243994.61,0,243994.61,0,626.6,0,626.6,HMW
61210027,ค่าโทรศัพท์-บริหาร,ค่าใช้จ่ายในการบริหาร,ค่าใช้จ่ายในการบริหาร,PL,Other (PL),0,294341.38,605442.22,899783.6,0,755.895,937.2276,2310.7248,"HMW,CLIK"
61210028,ค่าขนส่งพัสดุ-บริหาร,ค่าใช้จ่ายในการบริหาร,ค่าใช้จ่ายในการบริหาร,PL,Other (PL),0,400862.2,169483.97,570346.17,0,1029.45,381.51,1464.7,"HMW,CLIK"
61210029,ค่าทะเบียนภาษีรถยนต์-บริหาร,ค่าใช้จ่ายในการบริหาร,ค่าใช้จ่ายในการบริหาร,PL,Other (PL),0,796389.69,0,796389.69,0,2045.2,0,2045.2,HMW
61210030,ค่าใช้จ่ายในการเดินทาง-บริหาร,ค่าใช้จ่ายในการบริหาร,ค่าใช้จ่ายในการบริหาร,PL,Other (PL),0,1312802.5,868937.28,2181739.78,0,3371.3943,1336.4137,5602.903,"HMW,CLIK"
61210031,ค่าเบี้ยประกันภัย-บริหาร,ค่าใช้จ่ายบุคลากร,ค่าใช้จ่ายในการบริหาร,PL,Other (PL),0,634487.98,242409.85,876897.83,0,1629.4219,622.5302,2251.9521000000004,"HMW,CLIK"
61210032,การฝึกอบรมและพัฒนาบุคคลากร-บริหาร,ค่าใช้จ่ายบุคลากร,ค่าใช้จ่ายในการบริหาร,PL,Other (PL),0,92902.17,520966.27,613868.44,0,238.5811,0,1576.4690999999998,"HMW,CLIK"
61210033,ค่าซ่อมแซมบำรุงรักษา-บริหาร,ค่าใช้จ่ายในการบริหาร,ค่าใช้จ่ายในการบริหาร,PL,Other (PL),0,2480517.18,1854239.97,4334757.15,0,6370.1901,4761.8542,11132.0443,"HMW,CLIK"
61210034,ค่าเสื่อมราคา-บริหาร,ค่าเสื่อมราคาและตัดจำหน่าย-FA,ค่าใช้จ่ายในการบริหาร,PL,Other (PL),0,2813246.45,6077155.99,8890402.44,0,7224.668643725232,15651.268999999998,22831.349103700963,"HMW,CLIK"
61210035,ค่าลิขสิทธิ์โปรแกรมตัดจ่าย-บริหาร,ค่าเสื่อมราคาและตัดจำหน่าย-FA,ค่าใช้จ่ายในการบริหาร,PL,Other (PL),0,83490.04,701825.39,785315.43,0,214.40990000000002,172.79330000000002,2016.7603,"HMW,CLIK"
61210036,ค่ารับรอง-บริหาร,ค่าใช้จ่ายในการบริหาร,ค่าใช้จ่ายในการบริหาร,PL,Other (PL),0,1101422.87,215164.19,1316587.06,0,2828.5525,5.85,3381.1133999999997,"HMW,CLIK"
61210037,ค่าการกุศล-บริหาร,ค่าใช้จ่ายในการบริหาร,ค่าใช้จ่ายในการบริหาร,PL,Other (PL),38939.45,293210.19,0,332149.64,100,752.99,0,852.99,"ACG,HMW"
61210038,ค่าธรรมเนียมโอนเงิน-บริหาร,ค่าใช้จ่ายในการบริหาร,ค่าใช้จ่ายในการบริหาร,PL,Other (PL),15147.45,73106.72,178676.83,266931,38.9,187.7446,458.8581,685.5026999999999,"ACG,HMW,CLIK"
61210039,ค่าธรรมเนียมธุรกรรมทางการเงิน-บริหาร,ค่าใช้จ่ายในการบริหาร,ค่าใช้จ่ายในการบริหาร,PL,Other (PL),0,518096.78,28863.09,546959.87,0,1330.5188999999998,177.6736,1404.6418858765217,"HMW,CLIK"
61210040,ค่าธรรมเนียมอื่น-บริหาร,ค่าใช้จ่ายในการบริหาร,ค่าใช้จ่ายในการบริหาร,PL,Other (PL),532171.06,369121.87,23859.99,925152.92,1366.6629,947.938,61.2746,2375.8755,"ACG,HMW,CLIK"
61210041,ค่าธรรมเนียมวิชาชีพอิสระ-บริหาร,ค่าใช้จ่ายในการบริหาร,ค่าใช้จ่ายในการบริหาร,PL,Other (PL),0,1337570.17,2445397.61,3782967.78,0,3434.9999,1680.0001000000002,9714.9998,"HMW,CLIK"
61210042,ค่าที่ปรึกษาทางกฏหมาย-บริหาร,ค่าใช้จ่ายในการบริหาร,ค่าใช้จ่ายในการบริหาร,PL,Other (PL),0,72349.5,306166.79,378516.29,0,185.8,0,972.0636999999999,"HMW,CLIK"
61210043,ค่ารักษาความปลอดภัย-บริหาร,ค่าใช้จ่ายในการบริหาร,ค่าใช้จ่ายในการบริหาร,PL,Other (PL),0,5666868.17,0,5666868.17,0,14553.024599999999,0,14553.024599999999,HMW
61210044,ค่าทำความสะอาด-บริหาร,ค่าใช้จ่ายในการบริหาร,ค่าใช้จ่ายในการบริหาร,PL,Other (PL),0,2885343.8,7398.5,2892742.3,0,7409.8211,19,7428.8211,"HMW,CLIK"
61210045,ค่าขนส่งอื่น,ค่าใช้จ่ายในการบริหาร,ค่าใช้จ่ายในการบริหาร,PL,Other (PL),0,29026.36,95317.28,124343.64,0,74.5423,244.78330000000003,319.3256,"HMW,CLIK"
61210046,ค่าขนส่งรถยนต์-บริหาร,ค่าใช้จ่ายในการบริหาร,ค่าใช้จ่ายในการบริหาร,PL,Other (PL),0,0,0,0,0,0,0,0,-
61210047,ค่าใช้จ่ายเบ็ดเตล็ด-บริหาร,ค่าใช้จ่ายในการบริหาร,ค่าใช้จ่ายในการบริหาร,PL,Other (PL),0,684378.13,492138.5,1176516.63,0,1757.5443,1263.8556999999998,3021.4,"HMW,CLIK"
61210048,ค่าเบี้ยปรับเงินเพิ่ม-บริหาร,ค่าใช้จ่ายในการบริหาร,ค่าใช้จ่ายในการบริหาร,PL,Other (PL),0,87.61,56.97,144.58,0,0.225,0.14629999999999996,0.37129999999999996,"HMW,CLIK"
61210049,ส่วนต่างจากการปรับปรุงบัญชีสินค้าคงเหลือ-บริหาร,ค่าใช้จ่ายในการบริหาร,ค่าใช้จ่ายในการบริหาร,PL,Other (PL),0,0,0,0,0,0,0,0,-
61210050,หนี้สงสัยจะสูญ-บริหาร,ค่าใช้จ่ายในการบริหาร,ค่าใช้จ่ายในการบริหาร,PL,Other (PL),0,-93454.69,0,-93454.69,0,-240,0,-240,HMW
61210051,หนี้สูญ-บริหาร,ค่าใช้จ่ายในการบริหาร,ค่าใช้จ่ายในการบริหาร,PL,Other (PL),0,0,0,0,0,0,0,0,-
61210052,ต้นทุนอะไหล่-เบิกใช้ในกิจการ,ค่าใช้จ่ายในการบริหาร,ค่าใช้จ่ายในการบริหาร,PL,Other (PL),0,0,0,0,0,0,0,0,-
61210053,ค่าแจ้งย้ายรถใหม่งานทะเบียน-บริหาร,ค่าใช้จ่ายในการบริหาร,ค่าใช้จ่ายในการบริหาร,PL,Other (PL),0,4886.9,0,4886.9,0,12.55,0,12.55,HMW
61210054,ค่าใช้จ่ายอื่น-บริหาร,ค่าใช้จ่ายในการบริหาร,ค่าใช้จ่ายในการบริหาร,PL,Other (PL),0,362243.8,861296.86,1223540.66,0,930.2745000000001,246.90439999999998,3142.1619,"HMW,CLIK"
61210055,ค่าที่ปรึกษาอื่น-บริหาร,ค่าใช้จ่ายในการบริหาร,ค่าใช้จ่ายในการบริหาร,PL,Other (PL),316736.66,1055749.81,2549989.02,3922475.49,813.4081,2711.26,6548.6,10073.268100000001,"ACG,HMW,CLIK"
61210056,ค่าบริหารจัดการ-บริหาร,ค่าใช้จ่ายในการบริหาร,ค่าใช้จ่ายในการบริหาร,PL,Other (PL),0,58166786.1,-58166786.06,0.04,0,145416.962,26090.88,9.999999776482581e-05,"HMW,CLIK"
61210056-1,ค่าบริหารจัดการ-บริหาร,ค่าใช้จ่ายในการบริหาร,ค่าใช้จ่ายในการบริหาร,PL,Other (PL),0,0,0,0,0,0,0,0,-
61210057,ค่ารับรอง (บวกกลับ)-บริหาร,ค่าใช้จ่ายในการบริหาร,ค่าใช้จ่ายในการบริหาร,PL,Other (PL),0,32226.29,0.12,32226.41,0,82.76,0.0003,82.7603,"HMW,CLIK"
61210057-1,ภาษีที่ดินและภาษีโรงเรือน-บริหาร,ค่าใช้จ่ายในการบริหาร,ค่าใช้จ่ายในการบริหาร,PL,Other (PL),0,0,840179.72,840179.72,0,0,2157.6567,2157.6567,CLIK
61210058,ค่าใช้จ่ายที่ไม่ใช่ค่ารับอรง (บวกกลับ)-บริหาร,ค่าใช้จ่ายในการบริหาร,ค่าใช้จ่ายในการบริหาร,PL,Other (PL),0.08,54395.89,6993.95,61389.92,0.0002,139.6935,17.961100000000002,157.65480000000002,"ACG,HMW,CLIK"
61210059,ค่าเบี้ยประชุม,ค่าใช้จ่ายในการบริหาร,ค่าใช้จ่ายในการบริหาร,PL,Other (PL),0,0,1109774.41,1109774.41,0,0,0,2850,CLIK
61210059-1,ดอกเบี้ยจ่ายสัญาเช่า-บริหาร,ต้นทุนทางการเงิน-สัญญาเช่า,ต้นทุนทางการเงิน,PL,Other (PL),0,3310026.3,1363329.42,4673355.72,0,6261.7691,2579.0895,8840.858600000001,"HMW,CLIK"
61210060-1,ค่าเสื่อมราคาสัญญาเช่า-บริหาร,ค่าเสื่อมราคาและตัดจำหน่าย-ค่าเช่าที่,ค่าใช้จ่ายในการบริหาร,PL,Other (PL),0,1998894.83,3536424.42,5535319.25,0,5133.3408,9081.8544,14215.1952,"HMW,CLIK"
61210061,ค่าที่พัก,ค่าใช้จ่ายในการบริหาร,ค่าใช้จ่ายในการบริหาร,PL,Other (PL),0,0,0,0,0,0,0,0,-
61210062,ค่าซ่อมแซมรถใหม่,ค่าใช้จ่ายในการบริหาร,ค่าใช้จ่ายในการบริหาร,PL,Other (PL),0,0,0,0,0,0,0,0,-
61210063,ค่าที่พัก,ค่าใช้จ่ายในการบริหาร,ค่าใช้จ่ายในการบริหาร,PL,Other (PL),0,860931.17,419524.32,1280455.49,0,2210.9483,631.6378,3288.3242999999998,"HMW,CLIK"
61210064,ภาษีธุรกิจเฉพาะ,ค่าใช้จ่ายในการบริหาร,ค่าใช้จ่ายในการบริหาร,PL,Other (PL),0,359437.9,0,359437.9,0,923.0686999999999,0,923.0686999999999,HMW
61210065,ค่าโปรแกรมตัดจ่าย-บริหาร,ค่าเสื่อมราคาและตัดจำหน่าย-FA,ค่าใช้จ่ายในการบริหาร,PL,Other (PL),0,0,364899.67,364899.67,0,0,0,937.095,CLIK
61210066,ค่าใช้จ่าย-นักลงทุนสัมพันธ์,ค่าใช้จ่ายในการบริหาร,ค่าใช้จ่ายในการบริหาร,PL,Other (PL),0,0,311515.62,311515.62,0,0,0,800,CLIK
61210067,ค่าใช้จ่าย-การจัดประชุมบริษัท,ค่าใช้จ่ายในการบริหาร,ค่าใช้จ่ายในการบริหาร,PL,Other (PL),0,0,354561.05,354561.05,0,0,0,910.5445,CLIK
61210068,ค่าใช้จ่าย-ระบบสารสนเทศ,ค่าใช้จ่ายในการบริหาร,ค่าใช้จ่ายในการบริหาร,PL,Other (PL),0,809767.89,2871421.31,3681189.2,0,2079.5564,742.7446000000001,9453.623300000001,"HMW,CLIK"
61210069,ค่าใช้จ่าย-จัดหาบุคลากร,ค่าใช้จ่ายในการบริหาร,ค่าใช้จ่ายในการบริหาร,PL,Other (PL),0,11050.98,218128.81,229179.79,0,28.3799,378.56629999999996,588.5542,"HMW,CLIK"
61210070,ค่าใช้จ่าย-ศูนย์บริการ ทำบุญ,ค่าใช้จ่ายในการบริหาร,ค่าใช้จ่ายในการบริหาร,PL,Other (PL),0,0,0,0,0,0,0,0,-
61210071,ค่าใช้จ่าย-ความเสียหายระหว่างงานซ่อม,ค่าใช้จ่ายในการบริหาร,ค่าใช้จ่ายในการบริหาร,PL,Other (PL),0,74363.45,97844.88,172208.33,0,190.97199999999998,251.2744,442.2464,"HMW,CLIK"
61210072,เงินเดือน/กรรมการอิสระ,ค่าใช้จ่ายในการบริหาร,ค่าใช้จ่ายในการบริหาร,PL,Other (PL),0,0,1051365.23,1051365.23,0,0,0,2700,CLIK
61210072-1,ค่าเสื่อมราคา-บริหาร-IP,ค่าเสื่อมราคาและตัดจำหน่าย-FA,ค่าใช้จ่ายในการบริหาร,PL,Other (PL),0,1377509.07,0,1377509.07,0,3537.566556274769,0,3537.566556274769,HMW
61210073,ผลประโยชน์พนักงานโดยใช้หุ้นเป็นเกณฑ์,ค่าใช้จ่ายในการบริหาร,ค่าใช้จ่ายในการบริหาร,PL,Other (PL),134421.25,0,0,134421.25,345.2058,0,0,345.2058,ACG
61210073-1,ค่านายหน้า-บริหาร,ค่าใช้จ่ายในการบริหาร,ค่าใช้จ่ายในการบริหาร,PL,Other (PL),0,2678482.28,847210.35,3525692.63,0,6878.5822,2175.712,9054.294199999998,"HMW,CLIK"
61210074,ค่าประชาสัมพันธ์-นักลงทุนสัมพันธ์,ค่าใช้จ่ายในการบริหาร,ค่าใช้จ่ายในการบริหาร,PL,Other (PL),0,0,0,0,0,0,0,0,-
61210074-1,ค่าภาษีที่ดินและสิ่งปลูกสร้าง,ค่าใช้จ่ายในการบริหาร,ค่าใช้จ่ายในการบริหาร,PL,Other (PL),0,950513.02,0,950513.02,0,2441.0025,0,2441.0025,HMW
61210074-2,ภาษีโรงเรือน และ สิ่งปลูกสร้าง-บริหาร,ค่าใช้จ่ายในการบริหาร,ค่าใช้จ่ายในการบริหาร,PL,Other (PL),0,0,64496.78,64496.78,0,0,165.6335,165.6335,CLIK
61210075,เบี้ยเลี้ยงนักศึกษาฝึกงาน-บริหาร,ค่าใช้จ่ายในการบริหาร,ค่าใช้จ่ายในการบริหาร,PL,Other (PL),0,0,96073.17,96073.17,0,0,0,246.7245,CLIK
61210076,ค่าประมาณจากการรับประกันสินค้า,ต้นทุนบริการซ่อมและขายอะไหล่,ต้นทุนขาย,PL,Other (PL),0,0,-148033.72,-148033.72,0,0,-288.42460000000005,-288.42460000000005,CLIK
61210077,ค่าชุดยูนิฟอร์มพนักงาน-บริหาร,ค่าใช้จ่ายในการบริหาร,ค่าใช้จ่ายในการบริหาร,PL,Other (PL),0,25330.11,0,25330.11,0,65.05,0,65.05,HMW
61210078,ค่าล่วงเวลา-บริหาร,ค่าใช้จ่ายในการบริหาร,ค่าใช้จ่ายในการบริหาร,PL,Other (PL),0,514000.78,1218510.49,1732511.27,0,1320,1879.0911,4449.244,"HMW,CLIK"
61210079,ผลประโยช์ของพนักงานอื่น-บริหาร,ค่าใช้จ่ายในการบริหาร,ค่าใช้จ่ายในการบริหาร,PL,Other (PL),0,359897.97,1090087.44,1449985.41,0,924.2502000000001,574.4421,3723.6922999999997,"HMW,CLIK"
61210080,Incentive,ค่าใช้จ่ายในการบริหาร,ค่าใช้จ่ายในการบริหาร,PL,Other (PL),0,17522.75,218012.27,235535.02,0,45,438.93910000000005,604.875,"HMW,CLIK"
61210081,เบี้ยขยัน-บริหาร,ค่าใช้จ่ายในการบริหาร,ค่าใช้จ่ายในการบริหาร,PL,Other (PL),0,163572.65,621084.27,784656.92,0,420.06919999999997,555,2015.0692,"HMW,CLIK"
61210082,ค่าเช่ารถยนต์-บริหาร,ค่าใช้จ่ายในการบริหาร,ค่าใช้จ่ายในการบริหาร,PL,Other (PL),0,173244.04,121577.62,294821.66,0,444.9062,312.22219999999993,757.1283999999999,"HMW,CLIK"
71110010,ผลขาดทุนจากสินค้าล้าสมัย (การปรับลดมูลค่าที่คาดว่าจะได้รับ),ต้นทุนขายรถยนต์และอุปกรณ์ตกแต่ง,ต้นทุนขาย,PL,Other (PL),0,1058897.23,48071.85,1106969.08,0,2063.1246,93.6618,2156.7864,"HMW,CLIK"
71110011,ผลขาดทุนจากการขายสินทรัพย์ถาวร,รายได้อื่น,ค่าใช้จ่ายในการบริหาร,PL,Other (PL),0,11.68,589863.48,589875.16,0,0.03,1514.8222,1514.8522,"HMW,CLIK"
71110012,ผลขาดทุนจากการลดราคาสินค้า,ต้นทุนบริการซ่อมและขายอะไหล่,ต้นทุนขาย,PL,Other (PL),0,3489.94,0,3489.94,0,6.7997000000000005,0,6.7997000000000005,HMW
71110013,ผลขาดทุนจากการตัดจำหน่าย (Write off),ค่าใช้จ่ายในการบริหาร,ค่าใช้จ่ายในการบริหาร,PL,Other (PL),0,0,0,0,0,0,0,0,-
71110014,รายจ่ายจากการทำลายสินค้าคงเหลือทางภาษี,ต้นทุนบริการซ่อมและขายอะไหล่,ต้นทุนขาย,PL,Other (PL),0,0,0,0,0,0,0,0,-
71110015,รายจ่ายจากการทำลายสินทรัพย์ถาวรทางภาษี,ค่าใช้จ่ายในการบริหาร,ค่าใช้จ่ายในการบริหาร,PL,Other (PL),0,0,0,0,0,0,0,0,-
81110004,ดอกเบี้ยจ่ายกิจการที่เกี่ยวข้องกัน,ต้นทุนทางการเงิน,ต้นทุนทางการเงิน,PL,Other (PL),0,0,0,0,0,0,28025.753399999998,0,CLIK
81110010,ดอกเบี้ยจ่ายเงินเบิกเกินบัญชีธนาคาร,ต้นทุนทางการเงิน,ต้นทุนทางการเงิน,PL,Other (PL),0,0,0,0,0,0,0,0,-
81110011,ดอกเบี้ยจ่ายตั๋วเงินจ่ายธนาคาร,ต้นทุนทางการเงิน,ต้นทุนทางการเงิน,PL,Other (PL),0,4926344.36,0,4926344.36,0,9319.4519,0,9319.4519,HMW
81110012,ดอกเบี้ยจ่ายเงินกู้ยืมระยะยาวธนาคาร,ต้นทุนทางการเงิน,ต้นทุนทางการเงิน,PL,Other (PL),0,0,0,0,0,0,0,0,-
81110013,ดอกเบี้ยตัดจำหน่าย-ค่ารื้อถอน,ต้นทุนทางการเงิน,ต้นทุนทางการเงิน,PL,Other (PL),0,0,409915.09,409915.09,0,0,775.4602,775.4602,CLIK
90000000,ภาษีเงินได้นิติบุคคล,ภาษีเงินได้นิติบุคคล,ค่าใช้จ่าย (รายได้) ภาษีเงินได้,PL,Other (PL),1638.26,47284.58,0,48922.8422,1638.264,47284.578199999996,0,48922.8422,"ACG,HMW"
90000020,ผลประโยชน์ทางภาษีเงินได้,ภาษีเงินได้นิติบุคคล,ค่าใช้จ่าย (รายได้) ภาษีเงินได้,PL,Other (PL),-417.58,-3113.83,-3538.95,-7070.362300000001,-417.5759,-3113.8346,-3538.9518000000007,-7070.362300000001,"ACG,HMW,CLIK"
GAIN,ส่วนเกินทุนจากการจัดโครงสร้างธุรกิจภายใต้การควบคุมเดียวกัน,,     ภายใต้การควบคุมเดียวกัน,Equity,Other (Equity),0,0,-1308912.99,-1308912.989511915,0,0,0,-1308912.9895119148,CLIK
NCI,ผู้ถือหุ้นที่ไม่มีอำนาจควบคุม,,ส่วนได้เสียที่ไม่มีอำนาจควบคุม,Equity,Other (Equity),0,0,-2103880,-2103880,0,0,0,-21478.200288732525,CLIK
