"bank_txn_id","company","txn_date","bank_account","direction","amount","description","reference","source"
"JE-HMW-00001-3","HMW","2025-01-01","1112","IN","120000000","Opening balance 2025 (1-Jan)","OPEN-HMW","GL"
"JE-HMW-00001-26","HMW","2025-01-01","1113","IN","10000000","Opening balance 2025 (1-Jan)","OPEN-HMW","GL"
"JE-HMW-00002-1","HMW","2025-01-28","1112","IN","1704466","HMW 4190 monthly revenue 2025-01","REV-HMW-2025-01-4190","AR"
"JE-HMW-00003-1","HMW","2025-02-28","1112","IN","1590835","HMW 4190 monthly revenue 2025-02","REV-HMW-2025-02-4190","AR"
"JE-HMW-00004-1","HMW","2025-03-28","1112","IN","1931728","HMW 4190 monthly revenue 2025-03","REV-HMW-2025-03-4190","AR"
"JE-HMW-00005-1","HMW","2025-04-28","1112","IN","1704466","HMW 4190 monthly revenue 2025-04","REV-HMW-2025-04-4190","AR"
"JE-HMW-00006-1","HMW","2025-05-28","1112","IN","1818097","HMW 4190 monthly revenue 2025-05","REV-HMW-2025-05-4190","AR"
"JE-HMW-00007-1","HMW","2025-06-28","1112","IN","1931728","HMW 4190 monthly revenue 2025-06","REV-HMW-2025-06-4190","AR"
"JE-HMW-00008-1","HMW","2025-07-28","1112","IN","1931728","HMW 4190 monthly revenue 2025-07","REV-HMW-2025-07-4190","AR"
"JE-HMW-00009-1","HMW","2025-08-28","1112","IN","1931728","HMW 4190 monthly revenue 2025-08","REV-HMW-2025-08-4190","AR"
"JE-HMW-00010-1","HMW","2025-09-28","1112","IN","2045360","HMW 4190 monthly revenue 2025-09","REV-HMW-2025-09-4190","AR"
"JE-HMW-00011-1","HMW","2025-10-28","1112","IN","2045360","HMW 4190 monthly revenue 2025-10","REV-HMW-2025-10-4190","AR"
"JE-HMW-00012-1","HMW","2025-11-28","1112","IN","2045360","HMW 4190 monthly revenue 2025-11","REV-HMW-2025-11-4190","AR"
"JE-HMW-00013-1","HMW","2025-12-28","1112","IN","2045361","HMW 4190 monthly revenue 2025-12","REV-HMW-2025-12-4190","AR"
"JE-HMW-00014-1","HMW","2025-01-28","1112","IN","1809485","HMW 4160 monthly revenue 2025-01","REV-HMW-2025-01-4160","AR"
"JE-HMW-00015-1","HMW","2025-02-28","1112","IN","1688853","HMW 4160 monthly revenue 2025-02","REV-HMW-2025-02-4160","AR"
"JE-HMW-00016-1","HMW","2025-03-28","1112","IN","2050750","HMW 4160 monthly revenue 2025-03","REV-HMW-2025-03-4160","AR"
"JE-HMW-00017-1","HMW","2025-04-28","1112","IN","1809485","HMW 4160 monthly revenue 2025-04","REV-HMW-2025-04-4160","AR"
"JE-HMW-00018-1","HMW","2025-05-28","1112","IN","1930117","HMW 4160 monthly revenue 2025-05","REV-HMW-2025-05-4160","AR"
"JE-HMW-00019-1","HMW","2025-06-28","1112","IN","2050750","HMW 4160 monthly revenue 2025-06","REV-HMW-2025-06-4160","AR"
"JE-HMW-00020-1","HMW","2025-07-28","1112","IN","2050750","HMW 4160 monthly revenue 2025-07","REV-HMW-2025-07-4160","AR"
"JE-HMW-00021-1","HMW","2025-08-28","1112","IN","2050750","HMW 4160 monthly revenue 2025-08","REV-HMW-2025-08-4160","AR"
"JE-HMW-00022-1","HMW","2025-09-28","1112","IN","2171382","HMW 4160 monthly revenue 2025-09","REV-HMW-2025-09-4160","AR"
"JE-HMW-00023-1","HMW","2025-10-28","1112","IN","2171382","HMW 4160 monthly revenue 2025-10","REV-HMW-2025-10-4160","AR"
"JE-HMW-00024-1","HMW","2025-11-28","1112","IN","2171382","HMW 4160 monthly revenue 2025-11","REV-HMW-2025-11-4160","AR"
"JE-HMW-00025-1","HMW","2025-12-28","1112","IN","2171382","HMW 4160 monthly revenue 2025-12","REV-HMW-2025-12-4160","AR"
"JE-HMW-00026-2","HMW","2025-01-28","1112","IN","7260000","HMW 4130 monthly revenue 2025-01","REV-HMW-2025-01-4130","AR"
"JE-HMW-00027-2","HMW","2025-02-28","1112","IN","6776000","HMW 4130 monthly revenue 2025-02","REV-HMW-2025-02-4130","AR"
"JE-HMW-00028-2","HMW","2025-03-28","1112","IN","8228000","HMW 4130 monthly revenue 2025-03","REV-HMW-2025-03-4130","AR"
"JE-HMW-00029-2","HMW","2025-04-28","1112","IN","7260000","HMW 4130 monthly revenue 2025-04","REV-HMW-2025-04-4130","AR"
"JE-HMW-00030-2","HMW","2025-05-28","1112","IN","7744000","HMW 4130 monthly revenue 2025-05","REV-HMW-2025-05-4130","AR"
"JE-HMW-00031-2","HMW","2025-06-28","1112","IN","8228000","HMW 4130 monthly revenue 2025-06","REV-HMW-2025-06-4130","AR"
"JE-HMW-00032-2","HMW","2025-07-28","1112","IN","8228000","HMW 4130 monthly revenue 2025-07","REV-HMW-2025-07-4130","AR"
"JE-HMW-00033-2","HMW","2025-08-28","1112","IN","8228000","HMW 4130 monthly revenue 2025-08","REV-HMW-2025-08-4130","AR"
"JE-HMW-00034-2","HMW","2025-09-28","1112","IN","8712000","HMW 4130 monthly revenue 2025-09","REV-HMW-2025-09-4130","AR"
"JE-HMW-00035-2","HMW","2025-10-28","1112","IN","8712000","HMW 4130 monthly revenue 2025-10","REV-HMW-2025-10-4130","AR"
"JE-HMW-00036-2","HMW","2025-11-28","1112","IN","8712000","HMW 4130 monthly revenue 2025-11","REV-HMW-2025-11-4130","AR"
"JE-HMW-00037-2","HMW","2025-12-28","1112","IN","8712000","HMW 4130 monthly revenue 2025-12","REV-HMW-2025-12-4130","AR"
"JE-HMW-00038-1","HMW","2025-01-28","1112","IN","36000000","HMW 4110 monthly revenue 2025-01","REV-HMW-2025-01-4110","AR"
"JE-HMW-00039-1","HMW","2025-02-28","1112","IN","33600000","HMW 4110 monthly revenue 2025-02","REV-HMW-2025-02-4110","AR"
"JE-HMW-00040-1","HMW","2025-03-28","1112","IN","40800000","HMW 4110 monthly revenue 2025-03","REV-HMW-2025-03-4110","AR"
"JE-HMW-00041-1","HMW","2025-04-28","1112","IN","36000000","HMW 4110 monthly revenue 2025-04","REV-HMW-2025-04-4110","AR"
"JE-HMW-00042-1","HMW","2025-05-28","1112","IN","38400000","HMW 4110 monthly revenue 2025-05","REV-HMW-2025-05-4110","AR"
"JE-HMW-00043-1","HMW","2025-06-28","1112","IN","40800000","HMW 4110 monthly revenue 2025-06","REV-HMW-2025-06-4110","AR"
"JE-HMW-00044-1","HMW","2025-07-28","1112","IN","40800000","HMW 4110 monthly revenue 2025-07","REV-HMW-2025-07-4110","AR"
"JE-HMW-00045-1","HMW","2025-08-28","1112","IN","40800000","HMW 4110 monthly revenue 2025-08","REV-HMW-2025-08-4110","AR"
"JE-HMW-00046-1","HMW","2025-09-28","1112","IN","43200000","HMW 4110 monthly revenue 2025-09","REV-HMW-2025-09-4110","AR"
"JE-HMW-00047-1","HMW","2025-10-28","1112","IN","43200000","HMW 4110 monthly revenue 2025-10","REV-HMW-2025-10-4110","AR"
"JE-HMW-00048-1","HMW","2025-11-28","1112","IN","43200000","HMW 4110 monthly revenue 2025-11","REV-HMW-2025-11-4110","AR"
"JE-HMW-00049-1","HMW","2025-12-28","1112","IN","43200000","HMW 4110 monthly revenue 2025-12","REV-HMW-2025-12-4110","AR"
"JE-HMW-00050-1","HMW","2025-01-28","1112","IN","101057","HMW 4180 monthly revenue 2025-01","REV-HMW-2025-01-4180","AR"
"JE-HMW-00051-1","HMW","2025-02-28","1112","IN","94320","HMW 4180 monthly revenue 2025-02","REV-HMW-2025-02-4180","AR"
"JE-HMW-00052-1","HMW","2025-03-28","1112","IN","114531","HMW 4180 monthly revenue 2025-03","REV-HMW-2025-03-4180","AR"
"JE-HMW-00053-1","HMW","2025-04-28","1112","IN","101057","HMW 4180 monthly revenue 2025-04","REV-HMW-2025-04-4180","AR"
"JE-HMW-00054-1","HMW","2025-05-28","1112","IN","107794","HMW 4180 monthly revenue 2025-05","REV-HMW-2025-05-4180","AR"
"JE-HMW-00055-1","HMW","2025-06-28","1112","IN","114531","HMW 4180 monthly revenue 2025-06","REV-HMW-2025-06-4180","AR"
"JE-HMW-00056-1","HMW","2025-07-28","1112","IN","114531","HMW 4180 monthly revenue 2025-07","REV-HMW-2025-07-4180","AR"
"JE-HMW-00057-1","HMW","2025-08-28","1112","IN","114531","HMW 4180 monthly revenue 2025-08","REV-HMW-2025-08-4180","AR"
"JE-HMW-00058-1","HMW","2025-09-28","1112","IN","121268","HMW 4180 monthly revenue 2025-09","REV-HMW-2025-09-4180","AR"
"JE-HMW-00059-1","HMW","2025-10-28","1112","IN","121268","HMW 4180 monthly revenue 2025-10","REV-HMW-2025-10-4180","AR"
"JE-HMW-00060-1","HMW","2025-11-28","1112","IN","121268","HMW 4180 monthly revenue 2025-11","REV-HMW-2025-11-4180","AR"
"JE-HMW-00061-1","HMW","2025-12-28","1112","IN","121270","HMW 4180 monthly revenue 2025-12","REV-HMW-2025-12-4180","AR"
"JE-HMW-00062-1","HMW","2025-01-28","1112","IN","1800000","HMW 4140 monthly revenue 2025-01","REV-HMW-2025-01-4140","AR"
"JE-HMW-00063-1","HMW","2025-02-28","1112","IN","1680000","HMW 4140 monthly revenue 2025-02","REV-HMW-2025-02-4140","AR"
"JE-HMW-00064-1","HMW","2025-03-28","1112","IN","2040000","HMW 4140 monthly revenue 2025-03","REV-HMW-2025-03-4140","AR"
"JE-HMW-00065-1","HMW","2025-04-28","1112","IN","1800000","HMW 4140 monthly revenue 2025-04","REV-HMW-2025-04-4140","AR"
"JE-HMW-00066-1","HMW","2025-05-28","1112","IN","1920000","HMW 4140 monthly revenue 2025-05","REV-HMW-2025-05-4140","AR"
"JE-HMW-00067-1","HMW","2025-06-28","1112","IN","2040000","HMW 4140 monthly revenue 2025-06","REV-HMW-2025-06-4140","AR"
"JE-HMW-00068-1","HMW","2025-07-28","1112","IN","2040000","HMW 4140 monthly revenue 2025-07","REV-HMW-2025-07-4140","AR"
"JE-HMW-00069-1","HMW","2025-08-28","1112","IN","2040000","HMW 4140 monthly revenue 2025-08","REV-HMW-2025-08-4140","AR"
"JE-HMW-00070-1","HMW","2025-09-28","1112","IN","2160000","HMW 4140 monthly revenue 2025-09","REV-HMW-2025-09-4140","AR"
"JE-HMW-00071-1","HMW","2025-10-28","1112","IN","2160000","HMW 4140 monthly revenue 2025-10","REV-HMW-2025-10-4140","AR"
"JE-HMW-00072-1","HMW","2025-11-28","1112","IN","2160000","HMW 4140 monthly revenue 2025-11","REV-HMW-2025-11-4140","AR"
"JE-HMW-00073-1","HMW","2025-12-28","1112","IN","2160000","HMW 4140 monthly revenue 2025-12","REV-HMW-2025-12-4140","AR"
"JE-HMW-00074-2","HMW","2025-01-28","1112","IN","10800000","HMW 4120 monthly revenue 2025-01","REV-HMW-2025-01-4120","AR"
"JE-HMW-00075-2","HMW","2025-02-28","1112","IN","10080000","HMW 4120 monthly revenue 2025-02","REV-HMW-2025-02-4120","AR"
"JE-HMW-00076-2","HMW","2025-03-28","1112","IN","12240000","HMW 4120 monthly revenue 2025-03","REV-HMW-2025-03-4120","AR"
"JE-HMW-00077-2","HMW","2025-04-28","1112","IN","10800000","HMW 4120 monthly revenue 2025-04","REV-HMW-2025-04-4120","AR"
"JE-HMW-00078-2","HMW","2025-05-28","1112","IN","11520000","HMW 4120 monthly revenue 2025-05","REV-HMW-2025-05-4120","AR"
"JE-HMW-00079-2","HMW","2025-06-28","1112","IN","12240000","HMW 4120 monthly revenue 2025-06","REV-HMW-2025-06-4120","AR"
"JE-HMW-00080-2","HMW","2025-07-28","1112","IN","12240000","HMW 4120 monthly revenue 2025-07","REV-HMW-2025-07-4120","AR"
"JE-HMW-00081-2","HMW","2025-08-28","1112","IN","12240000","HMW 4120 monthly revenue 2025-08","REV-HMW-2025-08-4120","AR"
"JE-HMW-00082-2","HMW","2025-09-28","1112","IN","12960000","HMW 4120 monthly revenue 2025-09","REV-HMW-2025-09-4120","AR"
"JE-HMW-00083-2","HMW","2025-10-28","1112","IN","12960000","HMW 4120 monthly revenue 2025-10","REV-HMW-2025-10-4120","AR"
"JE-HMW-00084-2","HMW","2025-11-28","1112","IN","12960000","HMW 4120 monthly revenue 2025-11","REV-HMW-2025-11-4120","AR"
"JE-HMW-00085-2","HMW","2025-12-28","1112","IN","12960000","HMW 4120 monthly revenue 2025-12","REV-HMW-2025-12-4120","AR"
"JE-HMW-00220-2","HMW","2025-01-28","1112","OUT","2656000","HMW SGA 5411 monthly","OPEX-HMW-2025-01-5411","GL"
"JE-HMW-00221-2","HMW","2025-02-28","1112","OUT","2656000","HMW SGA 5411 monthly","OPEX-HMW-2025-02-5411","GL"
"JE-HMW-00222-2","HMW","2025-03-28","1112","OUT","2656000","HMW SGA 5411 monthly","OPEX-HMW-2025-03-5411","GL"
"JE-HMW-00223-2","HMW","2025-04-28","1112","OUT","2656000","HMW SGA 5411 monthly","OPEX-HMW-2025-04-5411","GL"
"JE-HMW-00224-2","HMW","2025-05-28","1112","OUT","2656000","HMW SGA 5411 monthly","OPEX-HMW-2025-05-5411","GL"
"JE-HMW-00225-2","HMW","2025-06-28","1112","OUT","2656000","HMW SGA 5411 monthly","OPEX-HMW-2025-06-5411","GL"
"JE-HMW-00226-2","HMW","2025-07-28","1112","OUT","2656000","HMW SGA 5411 monthly","OPEX-HMW-2025-07-5411","GL"
"JE-HMW-00227-2","HMW","2025-08-28","1112","OUT","2656000","HMW SGA 5411 monthly","OPEX-HMW-2025-08-5411","GL"
"JE-HMW-00228-2","HMW","2025-09-28","1112","OUT","2688000","HMW SGA 5411 monthly","OPEX-HMW-2025-09-5411","GL"
"JE-HMW-00229-2","HMW","2025-10-28","1112","OUT","2688000","HMW SGA 5411 monthly","OPEX-HMW-2025-10-5411","GL"
"JE-HMW-00230-2","HMW","2025-11-28","1112","OUT","2688000","HMW SGA 5411 monthly","OPEX-HMW-2025-11-5411","GL"
"JE-HMW-00231-2","HMW","2025-12-28","1112","OUT","2688000","HMW SGA 5411 monthly","OPEX-HMW-2025-12-5411","GL"
"JE-HMW-00268-2","HMW","2025-03-25","1112","OUT","4000000","Pay accrued other payables Q1","PAY-HMW-Q1-OCP","BANK"
"JE-HMW-00269-2","HMW","2025-06-25","1112","OUT","4000000","Pay accrued other payables Q2","PAY-HMW-Q2-OCP","BANK"
"JE-HMW-00270-2","HMW","2025-09-25","1112","OUT","4000000","Pay accrued other payables Q3","PAY-HMW-Q3-OCP","BANK"
"JE-HMW-00271-2","HMW","2025-12-25","1112","OUT","4000000","Pay accrued other payables Q4","PAY-HMW-Q4-OCP","BANK"
"JE-HMW-00272-2","HMW","2025-01-10","1112","OUT","9375000","HMW AP payment","AP-PAY-HMW-2025-01-2122","BANK"
"JE-HMW-00273-2","HMW","2025-02-10","1112","OUT","8750000","HMW AP payment","AP-PAY-HMW-2025-02-2122","BANK"
"JE-HMW-00274-2","HMW","2025-03-10","1112","OUT","10625000","HMW AP payment","AP-PAY-HMW-2025-03-2122","BANK"
"JE-HMW-00275-2","HMW","2025-04-10","1112","OUT","9375000","HMW AP payment","AP-PAY-HMW-2025-04-2122","BANK"
"JE-HMW-00276-2","HMW","2025-05-10","1112","OUT","10000000","HMW AP payment","AP-PAY-HMW-2025-05-2122","BANK"
"JE-HMW-00277-2","HMW","2025-06-10","1112","OUT","10625000","HMW AP payment","AP-PAY-HMW-2025-06-2122","BANK"
"JE-HMW-00278-2","HMW","2025-07-10","1112","OUT","10625000","HMW AP payment","AP-PAY-HMW-2025-07-2122","BANK"
"JE-HMW-00279-2","HMW","2025-08-10","1112","OUT","10625000","HMW AP payment","AP-PAY-HMW-2025-08-2122","BANK"
"JE-HMW-00280-2","HMW","2025-09-10","1112","OUT","11250000","HMW AP payment","AP-PAY-HMW-2025-09-2122","BANK"
"JE-HMW-00281-2","HMW","2025-10-10","1112","OUT","11250000","HMW AP payment","AP-PAY-HMW-2025-10-2122","BANK"
"JE-HMW-00282-2","HMW","2025-11-10","1112","OUT","11250000","HMW AP payment","AP-PAY-HMW-2025-11-2122","BANK"
"JE-HMW-00283-2","HMW","2025-12-10","1112","OUT","11250000","HMW AP payment","AP-PAY-HMW-2025-12-2122","BANK"
"JE-HMW-00284-2","HMW","2025-01-10","1112","OUT","54000000","HMW AP payment","AP-PAY-HMW-2025-01-2121","BANK"
"JE-HMW-00285-2","HMW","2025-02-10","1112","OUT","50400000","HMW AP payment","AP-PAY-HMW-2025-02-2121","BANK"
"JE-HMW-00286-2","HMW","2025-03-10","1112","OUT","61200000","HMW AP payment","AP-PAY-HMW-2025-03-2121","BANK"
"JE-HMW-00287-2","HMW","2025-04-10","1112","OUT","54000000","HMW AP payment","AP-PAY-HMW-2025-04-2121","BANK"
"JE-HMW-00288-2","HMW","2025-05-10","1112","OUT","57600000","HMW AP payment","AP-PAY-HMW-2025-05-2121","BANK"
"JE-HMW-00289-2","HMW","2025-06-10","1112","OUT","61200000","HMW AP payment","AP-PAY-HMW-2025-06-2121","BANK"
"JE-HMW-00290-2","HMW","2025-07-10","1112","OUT","61200000","HMW AP payment","AP-PAY-HMW-2025-07-2121","BANK"
"JE-HMW-00291-2","HMW","2025-08-10","1112","OUT","61200000","HMW AP payment","AP-PAY-HMW-2025-08-2121","BANK"
"JE-HMW-00292-2","HMW","2025-09-10","1112","OUT","64800000","HMW AP payment","AP-PAY-HMW-2025-09-2121","BANK"
"JE-HMW-00293-2","HMW","2025-10-10","1112","OUT","64800000","HMW AP payment","AP-PAY-HMW-2025-10-2121","BANK"
"JE-HMW-00294-2","HMW","2025-11-10","1112","OUT","64800000","HMW AP payment","AP-PAY-HMW-2025-11-2121","BANK"
"JE-HMW-00295-2","HMW","2025-12-10","1112","OUT","64800000","HMW AP payment","AP-PAY-HMW-2025-12-2121","BANK"
"JE-HMW-00296-2","HMW","2025-01-10","1112","OUT","596250","HMW AP payment","AP-PAY-HMW-2025-01-2123","BANK"
"JE-HMW-00297-2","HMW","2025-02-10","1112","OUT","556500","HMW AP payment","AP-PAY-HMW-2025-02-2123","BANK"
"JE-HMW-00298-2","HMW","2025-03-10","1112","OUT","675750","HMW AP payment","AP-PAY-HMW-2025-03-2123","BANK"
"JE-HMW-00299-2","HMW","2025-04-10","1112","OUT","596250","HMW AP payment","AP-PAY-HMW-2025-04-2123","BANK"
"JE-HMW-00300-2","HMW","2025-05-10","1112","OUT","636000","HMW AP payment","AP-PAY-HMW-2025-05-2123","BANK"
"JE-HMW-00301-2","HMW","2025-06-10","1112","OUT","675750","HMW AP payment","AP-PAY-HMW-2025-06-2123","BANK"
"JE-HMW-00302-2","HMW","2025-07-10","1112","OUT","675750","HMW AP payment","AP-PAY-HMW-2025-07-2123","BANK"
"JE-HMW-00303-2","HMW","2025-08-10","1112","OUT","675750","HMW AP payment","AP-PAY-HMW-2025-08-2123","BANK"
"JE-HMW-00304-2","HMW","2025-09-10","1112","OUT","715500","HMW AP payment","AP-PAY-HMW-2025-09-2123","BANK"
"JE-HMW-00305-2","HMW","2025-10-10","1112","OUT","715500","HMW AP payment","AP-PAY-HMW-2025-10-2123","BANK"
"JE-HMW-00306-2","HMW","2025-11-10","1112","OUT","715500","HMW AP payment","AP-PAY-HMW-2025-11-2123","BANK"
"JE-HMW-00307-2","HMW","2025-12-10","1112","OUT","715500","HMW AP payment","AP-PAY-HMW-2025-12-2123","BANK"
"JE-HMW-00308-1","HMW","2025-01-18","1112","IN","8670000","HMW AR receipts","AR-RCP-HMW-2025-01-1123","BANK"
"JE-HMW-00309-1","HMW","2025-02-18","1112","IN","8092000","HMW AR receipts","AR-RCP-HMW-2025-02-1123","BANK"
"JE-HMW-00310-1","HMW","2025-03-18","1112","IN","9826000","HMW AR receipts","AR-RCP-HMW-2025-03-1123","BANK"
"JE-HMW-00311-1","HMW","2025-04-18","1112","IN","8670000","HMW AR receipts","AR-RCP-HMW-2025-04-1123","BANK"
"JE-HMW-00312-1","HMW","2025-05-18","1112","IN","9248000","HMW AR receipts","AR-RCP-HMW-2025-05-1123","BANK"
"JE-HMW-00313-1","HMW","2025-06-18","1112","IN","9826000","HMW AR receipts","AR-RCP-HMW-2025-06-1123","BANK"
"JE-HMW-00314-1","HMW","2025-07-18","1112","IN","9826000","HMW AR receipts","AR-RCP-HMW-2025-07-1123","BANK"
"JE-HMW-00315-1","HMW","2025-08-18","1112","IN","9826000","HMW AR receipts","AR-RCP-HMW-2025-08-1123","BANK"
"JE-HMW-00316-1","HMW","2025-09-18","1112","IN","10404000","HMW AR receipts","AR-RCP-HMW-2025-09-1123","BANK"
"JE-HMW-00317-1","HMW","2025-10-18","1112","IN","10404000","HMW AR receipts","AR-RCP-HMW-2025-10-1123","BANK"
"JE-HMW-00318-1","HMW","2025-11-18","1112","IN","10404000","HMW AR receipts","AR-RCP-HMW-2025-11-1123","BANK"
"JE-HMW-00319-1","HMW","2025-12-18","1112","IN","10404000","HMW AR receipts","AR-RCP-HMW-2025-12-1123","BANK"
"JE-HMW-00320-1","HMW","2025-01-18","1112","IN","17775000","HMW AR receipts","AR-RCP-HMW-2025-01-1122","BANK"
"JE-HMW-00321-1","HMW","2025-02-18","1112","IN","16590000","HMW AR receipts","AR-RCP-HMW-2025-02-1122","BANK"
"JE-HMW-00322-1","HMW","2025-03-18","1112","IN","20145000","HMW AR receipts","AR-RCP-HMW-2025-03-1122","BANK"
"JE-HMW-00323-1","HMW","2025-04-18","1112","IN","17775000","HMW AR receipts","AR-RCP-HMW-2025-04-1122","BANK"
"JE-HMW-00324-1","HMW","2025-05-18","1112","IN","18960000","HMW AR receipts","AR-RCP-HMW-2025-05-1122","BANK"
"JE-HMW-00325-1","HMW","2025-06-18","1112","IN","20145000","HMW AR receipts","AR-RCP-HMW-2025-06-1122","BANK"
"JE-HMW-00326-1","HMW","2025-07-18","1112","IN","20145000","HMW AR receipts","AR-RCP-HMW-2025-07-1122","BANK"
"JE-HMW-00327-1","HMW","2025-08-18","1112","IN","20145000","HMW AR receipts","AR-RCP-HMW-2025-08-1122","BANK"
"JE-HMW-00328-1","HMW","2025-09-18","1112","IN","21330000","HMW AR receipts","AR-RCP-HMW-2025-09-1122","BANK"
"JE-HMW-00329-1","HMW","2025-10-18","1112","IN","21330000","HMW AR receipts","AR-RCP-HMW-2025-10-1122","BANK"
"JE-HMW-00330-1","HMW","2025-11-18","1112","IN","21330000","HMW AR receipts","AR-RCP-HMW-2025-11-1122","BANK"
"JE-HMW-00331-1","HMW","2025-12-18","1112","IN","21330000","HMW AR receipts","AR-RCP-HMW-2025-12-1122","BANK"
"JE-HMW-00332-1","HMW","2025-01-20","1112","IN","990000","HMW IC AR receipt from CLIK","IC-RCP-HMW-2025-01","BANK"
"JE-HMW-00333-1","HMW","2025-02-20","1112","IN","924000","HMW IC AR receipt from CLIK","IC-RCP-HMW-2025-02","BANK"
"JE-HMW-00334-1","HMW","2025-03-20","1112","IN","1122000","HMW IC AR receipt from CLIK","IC-RCP-HMW-2025-03","BANK"
"JE-HMW-00335-1","HMW","2025-04-20","1112","IN","990000","HMW IC AR receipt from CLIK","IC-RCP-HMW-2025-04","BANK"
"JE-HMW-00336-1","HMW","2025-05-20","1112","IN","1056000","HMW IC AR receipt from CLIK","IC-RCP-HMW-2025-05","BANK"
"JE-HMW-00337-1","HMW","2025-06-20","1112","IN","1122000","HMW IC AR receipt from CLIK","IC-RCP-HMW-2025-06","BANK"
"JE-HMW-00338-1","HMW","2025-07-20","1112","IN","1122000","HMW IC AR receipt from CLIK","IC-RCP-HMW-2025-07","BANK"
"JE-HMW-00339-1","HMW","2025-08-20","1112","IN","1122000","HMW IC AR receipt from CLIK","IC-RCP-HMW-2025-08","BANK"
"JE-HMW-00340-1","HMW","2025-09-20","1112","IN","1188000","HMW IC AR receipt from CLIK","IC-RCP-HMW-2025-09","BANK"
"JE-HMW-00341-1","HMW","2025-10-20","1112","IN","1188000","HMW IC AR receipt from CLIK","IC-RCP-HMW-2025-10","BANK"
"JE-HMW-00342-1","HMW","2025-11-20","1112","IN","1188000","HMW IC AR receipt from CLIK","IC-RCP-HMW-2025-11","BANK"
"JE-HMW-00343-1","HMW","2025-12-20","1112","IN","1188000","HMW IC AR receipt from CLIK","IC-RCP-HMW-2025-12","BANK"
"JE-HMW-00356-2","HMW","2025-01-25","1112","OUT","498000","HMW finance cost 5510_STLOAN","FIN-HMW-2025-01-5510_STLOAN","GL"
"JE-HMW-00357-2","HMW","2025-02-25","1112","OUT","498000","HMW finance cost 5510_STLOAN","FIN-HMW-2025-02-5510_STLOAN","GL"
"JE-HMW-00358-2","HMW","2025-03-25","1112","OUT","498000","HMW finance cost 5510_STLOAN","FIN-HMW-2025-03-5510_STLOAN","GL"
"JE-HMW-00359-2","HMW","2025-04-25","1112","OUT","498000","HMW finance cost 5510_STLOAN","FIN-HMW-2025-04-5510_STLOAN","GL"
"JE-HMW-00360-2","HMW","2025-05-25","1112","OUT","498000","HMW finance cost 5510_STLOAN","FIN-HMW-2025-05-5510_STLOAN","GL"
"JE-HMW-00361-2","HMW","2025-06-25","1112","OUT","498000","HMW finance cost 5510_STLOAN","FIN-HMW-2025-06-5510_STLOAN","GL"
"JE-HMW-00362-2","HMW","2025-07-25","1112","OUT","498000","HMW finance cost 5510_STLOAN","FIN-HMW-2025-07-5510_STLOAN","GL"
"JE-HMW-00363-2","HMW","2025-08-25","1112","OUT","498000","HMW finance cost 5510_STLOAN","FIN-HMW-2025-08-5510_STLOAN","GL"
"JE-HMW-00364-2","HMW","2025-09-25","1112","OUT","504000","HMW finance cost 5510_STLOAN","FIN-HMW-2025-09-5510_STLOAN","GL"
"JE-HMW-00365-2","HMW","2025-10-25","1112","OUT","504000","HMW finance cost 5510_STLOAN","FIN-HMW-2025-10-5510_STLOAN","GL"
"JE-HMW-00366-2","HMW","2025-11-25","1112","OUT","504000","HMW finance cost 5510_STLOAN","FIN-HMW-2025-11-5510_STLOAN","GL"
"JE-HMW-00367-2","HMW","2025-12-25","1112","OUT","504000","HMW finance cost 5510_STLOAN","FIN-HMW-2025-12-5510_STLOAN","GL"
"JE-HMW-00368-2","HMW","2025-01-25","1112","OUT","36739","HMW finance cost 5510_LTLOAN","FIN-HMW-2025-01-5510_LTLOAN","GL"
"JE-HMW-00369-2","HMW","2025-02-25","1112","OUT","36739","HMW finance cost 5510_LTLOAN","FIN-HMW-2025-02-5510_LTLOAN","GL"
"JE-HMW-00370-2","HMW","2025-03-25","1112","OUT","36739","HMW finance cost 5510_LTLOAN","FIN-HMW-2025-03-5510_LTLOAN","GL"
"JE-HMW-00371-2","HMW","2025-04-25","1112","OUT","36739","HMW finance cost 5510_LTLOAN","FIN-HMW-2025-04-5510_LTLOAN","GL"
"JE-HMW-00372-2","HMW","2025-05-25","1112","OUT","36739","HMW finance cost 5510_LTLOAN","FIN-HMW-2025-05-5510_LTLOAN","GL"
"JE-HMW-00373-2","HMW","2025-06-25","1112","OUT","36739","HMW finance cost 5510_LTLOAN","FIN-HMW-2025-06-5510_LTLOAN","GL"
"JE-HMW-00374-2","HMW","2025-07-25","1112","OUT","36739","HMW finance cost 5510_LTLOAN","FIN-HMW-2025-07-5510_LTLOAN","GL"
"JE-HMW-00375-2","HMW","2025-08-25","1112","OUT","36739","HMW finance cost 5510_LTLOAN","FIN-HMW-2025-08-5510_LTLOAN","GL"
"JE-HMW-00376-2","HMW","2025-09-25","1112","OUT","37182","HMW finance cost 5510_LTLOAN","FIN-HMW-2025-09-5510_LTLOAN","GL"
"JE-HMW-00377-2","HMW","2025-10-25","1112","OUT","37182","HMW finance cost 5510_LTLOAN","FIN-HMW-2025-10-5510_LTLOAN","GL"
"JE-HMW-00378-2","HMW","2025-11-25","1112","OUT","37182","HMW finance cost 5510_LTLOAN","FIN-HMW-2025-11-5510_LTLOAN","GL"
"JE-HMW-00379-2","HMW","2025-12-25","1112","OUT","37185","HMW finance cost 5510_LTLOAN","FIN-HMW-2025-12-5510_LTLOAN","GL"
"JE-HMW-00380-1","HMW","2025-01-05","1112","IN","76666666","HMW ST loan proceeds","STL-PROC-HMW-2025-01","LOAN"
"JE-HMW-00381-2","HMW","2025-01-28","1112","OUT","85000000","HMW ST loan repayment","STL-REPAY-HMW-2025-01","LOAN"
"JE-HMW-00382-1","HMW","2025-02-05","1112","IN","76666666","HMW ST loan proceeds","STL-PROC-HMW-2025-02","LOAN"
"JE-HMW-00383-2","HMW","2025-02-28","1112","OUT","85000000","HMW ST loan repayment","STL-REPAY-HMW-2025-02","LOAN"
"JE-HMW-00384-1","HMW","2025-03-05","1112","IN","76666666","HMW ST loan proceeds","STL-PROC-HMW-2025-03","LOAN"
"JE-HMW-00385-2","HMW","2025-03-28","1112","OUT","85000000","HMW ST loan repayment","STL-REPAY-HMW-2025-03","LOAN"
"JE-HMW-00386-1","HMW","2025-04-05","1112","IN","76666666","HMW ST loan proceeds","STL-PROC-HMW-2025-04","LOAN"
"JE-HMW-00387-2","HMW","2025-04-28","1112","OUT","85000000","HMW ST loan repayment","STL-REPAY-HMW-2025-04","LOAN"
"JE-HMW-00388-1","HMW","2025-05-05","1112","IN","76666666","HMW ST loan proceeds","STL-PROC-HMW-2025-05","LOAN"
"JE-HMW-00389-2","HMW","2025-05-28","1112","OUT","85000000","HMW ST loan repayment","STL-REPAY-HMW-2025-05","LOAN"
"JE-HMW-00390-1","HMW","2025-06-05","1112","IN","76666666","HMW ST loan proceeds","STL-PROC-HMW-2025-06","LOAN"
"JE-HMW-00391-2","HMW","2025-06-28","1112","OUT","85000000","HMW ST loan repayment","STL-REPAY-HMW-2025-06","LOAN"
"JE-HMW-00392-1","HMW","2025-07-05","1112","IN","76666666","HMW ST loan proceeds","STL-PROC-HMW-2025-07","LOAN"
"JE-HMW-00393-2","HMW","2025-07-28","1112","OUT","85000000","HMW ST loan repayment","STL-REPAY-HMW-2025-07","LOAN"
"JE-HMW-00394-1","HMW","2025-08-05","1112","IN","76666666","HMW ST loan proceeds","STL-PROC-HMW-2025-08","LOAN"
"JE-HMW-00395-2","HMW","2025-08-28","1112","OUT","85000000","HMW ST loan repayment","STL-REPAY-HMW-2025-08","LOAN"
"JE-HMW-00396-1","HMW","2025-09-05","1112","IN","76666666","HMW ST loan proceeds","STL-PROC-HMW-2025-09","LOAN"
"JE-HMW-00397-2","HMW","2025-09-28","1112","OUT","85000000","HMW ST loan repayment","STL-REPAY-HMW-2025-09","LOAN"
"JE-HMW-00398-1","HMW","2025-10-05","1112","IN","76666666","HMW ST loan proceeds","STL-PROC-HMW-2025-10","LOAN"
"JE-HMW-00399-2","HMW","2025-10-28","1112","OUT","85000000","HMW ST loan repayment","STL-REPAY-HMW-2025-10","LOAN"
"JE-HMW-00400-1","HMW","2025-11-05","1112","IN","76666666","HMW ST loan proceeds","STL-PROC-HMW-2025-11","LOAN"
"JE-HMW-00401-2","HMW","2025-11-28","1112","OUT","85000000","HMW ST loan repayment","STL-REPAY-HMW-2025-11","LOAN"
"JE-HMW-00402-1","HMW","2025-12-05","1112","IN","76666674","HMW ST loan proceeds","STL-PROC-HMW-2025-12","LOAN"
"JE-HMW-00403-2","HMW","2025-12-28","1112","OUT","85000000","HMW ST loan repayment","STL-REPAY-HMW-2025-12","LOAN"
"JE-HMW-00404-2","HMW","2025-06-30","1112","OUT","11150000","HMW LT loan final repayment","LTL-REPAY-HMW-FINAL","LOAN"
"JE-HMW-00405-2","HMW","2025-01-01","1112","OUT","1233504","HMW lease payment","LEASE-PAY-HMW-2025-01","BANK"
"JE-HMW-00406-2","HMW","2025-02-01","1112","OUT","1233504","HMW lease payment","LEASE-PAY-HMW-2025-02","BANK"
"JE-HMW-00407-2","HMW","2025-03-01","1112","OUT","1233504","HMW lease payment","LEASE-PAY-HMW-2025-03","BANK"
"JE-HMW-00408-2","HMW","2025-04-01","1112","OUT","1233504","HMW lease payment","LEASE-PAY-HMW-2025-04","BANK"
"JE-HMW-00409-2","HMW","2025-05-01","1112","OUT","1233504","HMW lease payment","LEASE-PAY-HMW-2025-05","BANK"
"JE-HMW-00410-2","HMW","2025-06-01","1112","OUT","1233504","HMW lease payment","LEASE-PAY-HMW-2025-06","BANK"
"JE-HMW-00411-2","HMW","2025-07-01","1112","OUT","1233504","HMW lease payment","LEASE-PAY-HMW-2025-07","BANK"
"JE-HMW-00412-2","HMW","2025-08-01","1112","OUT","1233504","HMW lease payment","LEASE-PAY-HMW-2025-08","BANK"
"JE-HMW-00413-2","HMW","2025-09-01","1112","OUT","1248365","HMW lease payment","LEASE-PAY-HMW-2025-09","BANK"
"JE-HMW-00414-2","HMW","2025-10-01","1112","OUT","1248365","HMW lease payment","LEASE-PAY-HMW-2025-10","BANK"
"JE-HMW-00415-2","HMW","2025-11-01","1112","OUT","1248365","HMW lease payment","LEASE-PAY-HMW-2025-11","BANK"
"JE-HMW-00416-2","HMW","2025-12-01","1112","OUT","1248362","HMW lease payment","LEASE-PAY-HMW-2025-12","BANK"
"JE-HMW-00418-2","HMW","2025-03-01","1112","OUT","2800000","HMW capex - new test drive fleet","CAPEX-HMW-VEH-002","FA"
"JE-HMW-00419-2","HMW","2025-09-30","1112","OUT","263493","HMW capex - F&E upgrade","CAPEX-HMW-FE-2025","FA"
"JE-HMW-00420-1","HMW","2025-06-15","1112","IN","3272996","HMW disposal of test drive vehicles","DISP-HMW-VEH-2020","FA"
"JE-HMW-00425-2","HMW","2025-04-30","1112","OUT","3875000","HMW tax payment PND.51 Q1","TAX-PAY-HMW-Q1","TAX"
"JE-HMW-00426-2","HMW","2025-07-30","1112","OUT","3875000","HMW tax payment PND.51 Q2","TAX-PAY-HMW-Q2","TAX"
"JE-HMW-00427-2","HMW","2025-10-30","1112","OUT","3875000","HMW tax payment PND.51 Q3","TAX-PAY-HMW-Q3","TAX"
"JE-HMW-00428-2","HMW","2025-12-30","1112","OUT","3875000","HMW tax payment PND.51 Q4","TAX-PAY-HMW-Q4","TAX"
"JE-HMW-00429-2","HMW","2025-04-30","1112","OUT","15956511","HMW dividend declared and paid to ACG","DIV-HMW-2025","GL"
"JE-CLIK-00001-22","CLIK","2025-01-01","1112","IN","8000000","Opening balance 2025 (1-Jan)","OPEN-CLIK","GL"
"JE-CLIK-00002-1","CLIK","2025-01-28","1112","IN","331345","CLIK 4190 monthly revenue","REV-CLIK-2025-01-4190","AR"
"JE-CLIK-00003-1","CLIK","2025-02-28","1112","IN","309256","CLIK 4190 monthly revenue","REV-CLIK-2025-02-4190","AR"
"JE-CLIK-00004-1","CLIK","2025-03-28","1112","IN","375525","CLIK 4190 monthly revenue","REV-CLIK-2025-03-4190","AR"
"JE-CLIK-00005-1","CLIK","2025-04-28","1112","IN","331345","CLIK 4190 monthly revenue","REV-CLIK-2025-04-4190","AR"
"JE-CLIK-00006-1","CLIK","2025-05-28","1112","IN","353435","CLIK 4190 monthly revenue","REV-CLIK-2025-05-4190","AR"
"JE-CLIK-00007-1","CLIK","2025-06-28","1112","IN","375525","CLIK 4190 monthly revenue","REV-CLIK-2025-06-4190","AR"
"JE-CLIK-00008-1","CLIK","2025-07-28","1112","IN","375525","CLIK 4190 monthly revenue","REV-CLIK-2025-07-4190","AR"
"JE-CLIK-00009-1","CLIK","2025-08-28","1112","IN","375525","CLIK 4190 monthly revenue","REV-CLIK-2025-08-4190","AR"
"JE-CLIK-00010-1","CLIK","2025-09-28","1112","IN","397614","CLIK 4190 monthly revenue","REV-CLIK-2025-09-4190","AR"
"JE-CLIK-00011-1","CLIK","2025-10-28","1112","IN","397614","CLIK 4190 monthly revenue","REV-CLIK-2025-10-4190","AR"
"JE-CLIK-00012-1","CLIK","2025-11-28","1112","IN","397614","CLIK 4190 monthly revenue","REV-CLIK-2025-11-4190","AR"
"JE-CLIK-00013-1","CLIK","2025-12-28","1112","IN","397613","CLIK 4190 monthly revenue","REV-CLIK-2025-12-4190","AR"
"JE-CLIK-00014-2","CLIK","2025-01-28","1112","IN","2550000","CLIK 4130 monthly revenue","REV-CLIK-2025-01-4130","AR"
"JE-CLIK-00015-2","CLIK","2025-02-28","1112","IN","2380000","CLIK 4130 monthly revenue","REV-CLIK-2025-02-4130","AR"
"JE-CLIK-00016-2","CLIK","2025-03-28","1112","IN","2890000","CLIK 4130 monthly revenue","REV-CLIK-2025-03-4130","AR"
"JE-CLIK-00017-2","CLIK","2025-04-28","1112","IN","2550000","CLIK 4130 monthly revenue","REV-CLIK-2025-04-4130","AR"
"JE-CLIK-00018-2","CLIK","2025-05-28","1112","IN","2720000","CLIK 4130 monthly revenue","REV-CLIK-2025-05-4130","AR"
"JE-CLIK-00019-2","CLIK","2025-06-28","1112","IN","2890000","CLIK 4130 monthly revenue","REV-CLIK-2025-06-4130","AR"
"JE-CLIK-00020-2","CLIK","2025-07-28","1112","IN","2890000","CLIK 4130 monthly revenue","REV-CLIK-2025-07-4130","AR"
"JE-CLIK-00021-2","CLIK","2025-08-28","1112","IN","2890000","CLIK 4130 monthly revenue","REV-CLIK-2025-08-4130","AR"
"JE-CLIK-00022-2","CLIK","2025-09-28","1112","IN","3060000","CLIK 4130 monthly revenue","REV-CLIK-2025-09-4130","AR"
"JE-CLIK-00023-2","CLIK","2025-10-28","1112","IN","3060000","CLIK 4130 monthly revenue","REV-CLIK-2025-10-4130","AR"
"JE-CLIK-00024-2","CLIK","2025-11-28","1112","IN","3060000","CLIK 4130 monthly revenue","REV-CLIK-2025-11-4130","AR"
"JE-CLIK-00025-2","CLIK","2025-12-28","1112","IN","3060000","CLIK 4130 monthly revenue","REV-CLIK-2025-12-4130","AR"
"JE-CLIK-00038-1","CLIK","2025-01-28","1112","IN","900000","CLIK 4140 monthly revenue","REV-CLIK-2025-01-4140","AR"
"JE-CLIK-00039-1","CLIK","2025-02-28","1112","IN","840000","CLIK 4140 monthly revenue","REV-CLIK-2025-02-4140","AR"
"JE-CLIK-00040-1","CLIK","2025-03-28","1112","IN","1020000","CLIK 4140 monthly revenue","REV-CLIK-2025-03-4140","AR"
"JE-CLIK-00041-1","CLIK","2025-04-28","1112","IN","900000","CLIK 4140 monthly revenue","REV-CLIK-2025-04-4140","AR"
"JE-CLIK-00042-1","CLIK","2025-05-28","1112","IN","960000","CLIK 4140 monthly revenue","REV-CLIK-2025-05-4140","AR"
"JE-CLIK-00043-1","CLIK","2025-06-28","1112","IN","1020000","CLIK 4140 monthly revenue","REV-CLIK-2025-06-4140","AR"
"JE-CLIK-00044-1","CLIK","2025-07-28","1112","IN","1020000","CLIK 4140 monthly revenue","REV-CLIK-2025-07-4140","AR"
"JE-CLIK-00045-1","CLIK","2025-08-28","1112","IN","1020000","CLIK 4140 monthly revenue","REV-CLIK-2025-08-4140","AR"
"JE-CLIK-00046-1","CLIK","2025-09-28","1112","IN","1080000","CLIK 4140 monthly revenue","REV-CLIK-2025-09-4140","AR"
"JE-CLIK-00047-1","CLIK","2025-10-28","1112","IN","1080000","CLIK 4140 monthly revenue","REV-CLIK-2025-10-4140","AR"
"JE-CLIK-00048-1","CLIK","2025-11-28","1112","IN","1080000","CLIK 4140 monthly revenue","REV-CLIK-2025-11-4140","AR"
"JE-CLIK-00049-1","CLIK","2025-12-28","1112","IN","1080000","CLIK 4140 monthly revenue","REV-CLIK-2025-12-4140","AR"
"JE-CLIK-00050-2","CLIK","2025-01-28","1112","IN","7875000","CLIK 4120 monthly revenue","REV-CLIK-2025-01-4120","AR"
"JE-CLIK-00051-2","CLIK","2025-02-28","1112","IN","7350000","CLIK 4120 monthly revenue","REV-CLIK-2025-02-4120","AR"
"JE-CLIK-00052-2","CLIK","2025-03-28","1112","IN","8925000","CLIK 4120 monthly revenue","REV-CLIK-2025-03-4120","AR"
"JE-CLIK-00053-2","CLIK","2025-04-28","1112","IN","7875000","CLIK 4120 monthly revenue","REV-CLIK-2025-04-4120","AR"
"JE-CLIK-00054-2","CLIK","2025-05-28","1112","IN","8400000","CLIK 4120 monthly revenue","REV-CLIK-2025-05-4120","AR"
"JE-CLIK-00055-2","CLIK","2025-06-28","1112","IN","8925000","CLIK 4120 monthly revenue","REV-CLIK-2025-06-4120","AR"
"JE-CLIK-00056-2","CLIK","2025-07-28","1112","IN","8925000","CLIK 4120 monthly revenue","REV-CLIK-2025-07-4120","AR"
"JE-CLIK-00057-2","CLIK","2025-08-28","1112","IN","8925000","CLIK 4120 monthly revenue","REV-CLIK-2025-08-4120","AR"
"JE-CLIK-00058-2","CLIK","2025-09-28","1112","IN","9450000","CLIK 4120 monthly revenue","REV-CLIK-2025-09-4120","AR"
"JE-CLIK-00059-2","CLIK","2025-10-28","1112","IN","9450000","CLIK 4120 monthly revenue","REV-CLIK-2025-10-4120","AR"
"JE-CLIK-00060-2","CLIK","2025-11-28","1112","IN","9450000","CLIK 4120 monthly revenue","REV-CLIK-2025-11-4120","AR"
"JE-CLIK-00061-2","CLIK","2025-12-28","1112","IN","9450000","CLIK 4120 monthly revenue","REV-CLIK-2025-12-4120","AR"
"JE-CLIK-00110-2","CLIK","2025-01-28","1112","OUT","2075000","CLIK SGA 5411","OPEX-CLIK-2025-01-5411","GL"
"JE-CLIK-00111-2","CLIK","2025-02-28","1112","OUT","2075000","CLIK SGA 5411","OPEX-CLIK-2025-02-5411","GL"
"JE-CLIK-00112-2","CLIK","2025-03-28","1112","OUT","2075000","CLIK SGA 5411","OPEX-CLIK-2025-03-5411","GL"
"JE-CLIK-00113-2","CLIK","2025-04-28","1112","OUT","2075000","CLIK SGA 5411","OPEX-CLIK-2025-04-5411","GL"
"JE-CLIK-00114-2","CLIK","2025-05-28","1112","OUT","2075000","CLIK SGA 5411","OPEX-CLIK-2025-05-5411","GL"
"JE-CLIK-00115-2","CLIK","2025-06-28","1112","OUT","2075000","CLIK SGA 5411","OPEX-CLIK-2025-06-5411","GL"
"JE-CLIK-00116-2","CLIK","2025-07-28","1112","OUT","2075000","CLIK SGA 5411","OPEX-CLIK-2025-07-5411","GL"
"JE-CLIK-00117-2","CLIK","2025-08-28","1112","OUT","2075000","CLIK SGA 5411","OPEX-CLIK-2025-08-5411","GL"
"JE-CLIK-00118-2","CLIK","2025-09-28","1112","OUT","2100000","CLIK SGA 5411","OPEX-CLIK-2025-09-5411","GL"
"JE-CLIK-00119-2","CLIK","2025-10-28","1112","OUT","2100000","CLIK SGA 5411","OPEX-CLIK-2025-10-5411","GL"
"JE-CLIK-00120-2","CLIK","2025-11-28","1112","OUT","2100000","CLIK SGA 5411","OPEX-CLIK-2025-11-5411","GL"
"JE-CLIK-00121-2","CLIK","2025-12-28","1112","OUT","2100000","CLIK SGA 5411","OPEX-CLIK-2025-12-5411","GL"
"JE-CLIK-00230-2","CLIK","2025-01-25","1112","OUT","298800","CLIK interest expense 5510_OTHER","FIN-CLIK-2025-01-5510_OTHER","GL"
"JE-CLIK-00231-2","CLIK","2025-02-25","1112","OUT","298800","CLIK interest expense 5510_OTHER","FIN-CLIK-2025-02-5510_OTHER","GL"
"JE-CLIK-00232-2","CLIK","2025-03-25","1112","OUT","298800","CLIK interest expense 5510_OTHER","FIN-CLIK-2025-03-5510_OTHER","GL"
"JE-CLIK-00233-2","CLIK","2025-04-25","1112","OUT","298800","CLIK interest expense 5510_OTHER","FIN-CLIK-2025-04-5510_OTHER","GL"
"JE-CLIK-00234-2","CLIK","2025-05-25","1112","OUT","298800","CLIK interest expense 5510_OTHER","FIN-CLIK-2025-05-5510_OTHER","GL"
"JE-CLIK-00235-2","CLIK","2025-06-25","1112","OUT","298800","CLIK interest expense 5510_OTHER","FIN-CLIK-2025-06-5510_OTHER","GL"
"JE-CLIK-00236-2","CLIK","2025-07-25","1112","OUT","298800","CLIK interest expense 5510_OTHER","FIN-CLIK-2025-07-5510_OTHER","GL"
"JE-CLIK-00237-2","CLIK","2025-08-25","1112","OUT","298800","CLIK interest expense 5510_OTHER","FIN-CLIK-2025-08-5510_OTHER","GL"
"JE-CLIK-00238-2","CLIK","2025-09-25","1112","OUT","302400","CLIK interest expense 5510_OTHER","FIN-CLIK-2025-09-5510_OTHER","GL"
"JE-CLIK-00239-2","CLIK","2025-10-25","1112","OUT","302400","CLIK interest expense 5510_OTHER","FIN-CLIK-2025-10-5510_OTHER","GL"
"JE-CLIK-00240-2","CLIK","2025-11-25","1112","OUT","302400","CLIK interest expense 5510_OTHER","FIN-CLIK-2025-11-5510_OTHER","GL"
"JE-CLIK-00241-2","CLIK","2025-12-25","1112","OUT","302400","CLIK interest expense 5510_OTHER","FIN-CLIK-2025-12-5510_OTHER","GL"
"JE-CLIK-00254-2","CLIK","2025-01-25","1112","OUT","365200","CLIK interest expense 5510_LTBANK","FIN-CLIK-2025-01-5510_LTBANK","GL"
"JE-CLIK-00255-2","CLIK","2025-02-25","1112","OUT","365200","CLIK interest expense 5510_LTBANK","FIN-CLIK-2025-02-5510_LTBANK","GL"
"JE-CLIK-00256-2","CLIK","2025-03-25","1112","OUT","365200","CLIK interest expense 5510_LTBANK","FIN-CLIK-2025-03-5510_LTBANK","GL"
"JE-CLIK-00257-2","CLIK","2025-04-25","1112","OUT","365200","CLIK interest expense 5510_LTBANK","FIN-CLIK-2025-04-5510_LTBANK","GL"
"JE-CLIK-00258-2","CLIK","2025-05-25","1112","OUT","365200","CLIK interest expense 5510_LTBANK","FIN-CLIK-2025-05-5510_LTBANK","GL"
"JE-CLIK-00259-2","CLIK","2025-06-25","1112","OUT","365200","CLIK interest expense 5510_LTBANK","FIN-CLIK-2025-06-5510_LTBANK","GL"
"JE-CLIK-00260-2","CLIK","2025-07-25","1112","OUT","365200","CLIK interest expense 5510_LTBANK","FIN-CLIK-2025-07-5510_LTBANK","GL"
"JE-CLIK-00261-2","CLIK","2025-08-25","1112","OUT","365200","CLIK interest expense 5510_LTBANK","FIN-CLIK-2025-08-5510_LTBANK","GL"
"JE-CLIK-00262-2","CLIK","2025-09-25","1112","OUT","369600","CLIK interest expense 5510_LTBANK","FIN-CLIK-2025-09-5510_LTBANK","GL"
"JE-CLIK-00263-2","CLIK","2025-10-25","1112","OUT","369600","CLIK interest expense 5510_LTBANK","FIN-CLIK-2025-10-5510_LTBANK","GL"
"JE-CLIK-00264-2","CLIK","2025-11-25","1112","OUT","369600","CLIK interest expense 5510_LTBANK","FIN-CLIK-2025-11-5510_LTBANK","GL"
"JE-CLIK-00265-2","CLIK","2025-12-25","1112","OUT","369600","CLIK interest expense 5510_LTBANK","FIN-CLIK-2025-12-5510_LTBANK","GL"
"JE-CLIK-00266-2","CLIK","2025-01-01","1112","OUT","149400","CLIK lease payment","LEASE-CLIK-2025-01","BANK"
"JE-CLIK-00267-2","CLIK","2025-02-01","1112","OUT","149400","CLIK lease payment","LEASE-CLIK-2025-02","BANK"
"JE-CLIK-00268-2","CLIK","2025-03-01","1112","OUT","149400","CLIK lease payment","LEASE-CLIK-2025-03","BANK"
"JE-CLIK-00269-2","CLIK","2025-04-01","1112","OUT","149400","CLIK lease payment","LEASE-CLIK-2025-04","BANK"
"JE-CLIK-00270-2","CLIK","2025-05-01","1112","OUT","149400","CLIK lease payment","LEASE-CLIK-2025-05","BANK"
"JE-CLIK-00271-2","CLIK","2025-06-01","1112","OUT","149400","CLIK lease payment","LEASE-CLIK-2025-06","BANK"
"JE-CLIK-00272-2","CLIK","2025-07-01","1112","OUT","149400","CLIK lease payment","LEASE-CLIK-2025-07","BANK"
"JE-CLIK-00273-2","CLIK","2025-08-01","1112","OUT","149400","CLIK lease payment","LEASE-CLIK-2025-08","BANK"
"JE-CLIK-00274-2","CLIK","2025-09-01","1112","OUT","151200","CLIK lease payment","LEASE-CLIK-2025-09","BANK"
"JE-CLIK-00275-2","CLIK","2025-10-01","1112","OUT","151200","CLIK lease payment","LEASE-CLIK-2025-10","BANK"
"JE-CLIK-00276-2","CLIK","2025-11-01","1112","OUT","151200","CLIK lease payment","LEASE-CLIK-2025-11","BANK"
"JE-CLIK-00277-2","CLIK","2025-12-01","1112","OUT","151200","CLIK lease payment","LEASE-CLIK-2025-12","BANK"
"JE-CLIK-00279-1","CLIK","2025-01-18","1112","IN","4140000","CLIK AR receipts","AR-RCP-CLIK-2025-01","BANK"
"JE-CLIK-00280-1","CLIK","2025-02-18","1112","IN","3864000","CLIK AR receipts","AR-RCP-CLIK-2025-02","BANK"
"JE-CLIK-00281-1","CLIK","2025-03-18","1112","IN","4692000","CLIK AR receipts","AR-RCP-CLIK-2025-03","BANK"
"JE-CLIK-00282-1","CLIK","2025-04-18","1112","IN","4140000","CLIK AR receipts","AR-RCP-CLIK-2025-04","BANK"
"JE-CLIK-00283-1","CLIK","2025-05-18","1112","IN","4416000","CLIK AR receipts","AR-RCP-CLIK-2025-05","BANK"
"JE-CLIK-00284-1","CLIK","2025-06-18","1112","IN","4692000","CLIK AR receipts","AR-RCP-CLIK-2025-06","BANK"
"JE-CLIK-00285-1","CLIK","2025-07-18","1112","IN","4692000","CLIK AR receipts","AR-RCP-CLIK-2025-07","BANK"
"JE-CLIK-00286-1","CLIK","2025-08-18","1112","IN","4692000","CLIK AR receipts","AR-RCP-CLIK-2025-08","BANK"
"JE-CLIK-00287-1","CLIK","2025-09-18","1112","IN","4968000","CLIK AR receipts","AR-RCP-CLIK-2025-09","BANK"
"JE-CLIK-00288-1","CLIK","2025-10-18","1112","IN","4968000","CLIK AR receipts","AR-RCP-CLIK-2025-10","BANK"
"JE-CLIK-00289-1","CLIK","2025-11-18","1112","IN","4968000","CLIK AR receipts","AR-RCP-CLIK-2025-11","BANK"
"JE-CLIK-00290-1","CLIK","2025-12-18","1112","IN","4968000","CLIK AR receipts","AR-RCP-CLIK-2025-12","BANK"
"JE-CLIK-00291-1","CLIK","2025-01-22","1112","IN","247500","CLIK IC AR receipt from HMW","IC-RCP-CLIK-2025-01","BANK"
"JE-CLIK-00292-1","CLIK","2025-02-22","1112","IN","231000","CLIK IC AR receipt from HMW","IC-RCP-CLIK-2025-02","BANK"
"JE-CLIK-00293-1","CLIK","2025-03-22","1112","IN","280500","CLIK IC AR receipt from HMW","IC-RCP-CLIK-2025-03","BANK"
"JE-CLIK-00294-1","CLIK","2025-04-22","1112","IN","247500","CLIK IC AR receipt from HMW","IC-RCP-CLIK-2025-04","BANK"
"JE-CLIK-00295-1","CLIK","2025-05-22","1112","IN","264000","CLIK IC AR receipt from HMW","IC-RCP-CLIK-2025-05","BANK"
"JE-CLIK-00296-1","CLIK","2025-06-22","1112","IN","280500","CLIK IC AR receipt from HMW","IC-RCP-CLIK-2025-06","BANK"
"JE-CLIK-00297-1","CLIK","2025-07-22","1112","IN","280500","CLIK IC AR receipt from HMW","IC-RCP-CLIK-2025-07","BANK"
"JE-CLIK-00298-1","CLIK","2025-08-22","1112","IN","280500","CLIK IC AR receipt from HMW","IC-RCP-CLIK-2025-08","BANK"
"JE-CLIK-00299-1","CLIK","2025-09-22","1112","IN","297000","CLIK IC AR receipt from HMW","IC-RCP-CLIK-2025-09","BANK"
"JE-CLIK-00300-1","CLIK","2025-10-22","1112","IN","297000","CLIK IC AR receipt from HMW","IC-RCP-CLIK-2025-10","BANK"
"JE-CLIK-00301-1","CLIK","2025-11-22","1112","IN","297000","CLIK IC AR receipt from HMW","IC-RCP-CLIK-2025-11","BANK"
"JE-CLIK-00302-1","CLIK","2025-12-22","1112","IN","297000","CLIK IC AR receipt from HMW","IC-RCP-CLIK-2025-12","BANK"
"JE-CLIK-00303-2","CLIK","2025-01-10","1112","OUT","8925000","CLIK AP payment","AP-PAY-CLIK-2025-01-2130","BANK"
"JE-CLIK-00304-2","CLIK","2025-02-10","1112","OUT","8330000","CLIK AP payment","AP-PAY-CLIK-2025-02-2130","BANK"
"JE-CLIK-00305-2","CLIK","2025-03-10","1112","OUT","10115000","CLIK AP payment","AP-PAY-CLIK-2025-03-2130","BANK"
"JE-CLIK-00306-2","CLIK","2025-04-10","1112","OUT","8925000","CLIK AP payment","AP-PAY-CLIK-2025-04-2130","BANK"
"JE-CLIK-00307-2","CLIK","2025-05-10","1112","OUT","9520000","CLIK AP payment","AP-PAY-CLIK-2025-05-2130","BANK"
"JE-CLIK-00308-2","CLIK","2025-06-10","1112","OUT","10115000","CLIK AP payment","AP-PAY-CLIK-2025-06-2130","BANK"
"JE-CLIK-00309-2","CLIK","2025-07-10","1112","OUT","10115000","CLIK AP payment","AP-PAY-CLIK-2025-07-2130","BANK"
"JE-CLIK-00310-2","CLIK","2025-08-10","1112","OUT","10115000","CLIK AP payment","AP-PAY-CLIK-2025-08-2130","BANK"
"JE-CLIK-00311-2","CLIK","2025-09-10","1112","OUT","10710000","CLIK AP payment","AP-PAY-CLIK-2025-09-2130","BANK"
"JE-CLIK-00312-2","CLIK","2025-10-10","1112","OUT","10710000","CLIK AP payment","AP-PAY-CLIK-2025-10-2130","BANK"
"JE-CLIK-00313-2","CLIK","2025-11-10","1112","OUT","10710000","CLIK AP payment","AP-PAY-CLIK-2025-11-2130","BANK"
"JE-CLIK-00314-2","CLIK","2025-12-10","1112","OUT","10710000","CLIK AP payment","AP-PAY-CLIK-2025-12-2130","BANK"
"JE-CLIK-00315-2","CLIK","2025-01-10","1112","OUT","4350000","CLIK AP payment","AP-PAY-CLIK-2025-01-2122","BANK"
"JE-CLIK-00316-2","CLIK","2025-02-10","1112","OUT","4060000","CLIK AP payment","AP-PAY-CLIK-2025-02-2122","BANK"
"JE-CLIK-00317-2","CLIK","2025-03-10","1112","OUT","4930000","CLIK AP payment","AP-PAY-CLIK-2025-03-2122","BANK"
"JE-CLIK-00318-2","CLIK","2025-04-10","1112","OUT","4350000","CLIK AP payment","AP-PAY-CLIK-2025-04-2122","BANK"
"JE-CLIK-00319-2","CLIK","2025-05-10","1112","OUT","4640000","CLIK AP payment","AP-PAY-CLIK-2025-05-2122","BANK"
"JE-CLIK-00320-2","CLIK","2025-06-10","1112","OUT","4930000","CLIK AP payment","AP-PAY-CLIK-2025-06-2122","BANK"
"JE-CLIK-00321-2","CLIK","2025-07-10","1112","OUT","4930000","CLIK AP payment","AP-PAY-CLIK-2025-07-2122","BANK"
"JE-CLIK-00322-2","CLIK","2025-08-10","1112","OUT","4930000","CLIK AP payment","AP-PAY-CLIK-2025-08-2122","BANK"
"JE-CLIK-00323-2","CLIK","2025-09-10","1112","OUT","5220000","CLIK AP payment","AP-PAY-CLIK-2025-09-2122","BANK"
"JE-CLIK-00324-2","CLIK","2025-10-10","1112","OUT","5220000","CLIK AP payment","AP-PAY-CLIK-2025-10-2122","BANK"
"JE-CLIK-00325-2","CLIK","2025-11-10","1112","OUT","5220000","CLIK AP payment","AP-PAY-CLIK-2025-11-2122","BANK"
"JE-CLIK-00326-2","CLIK","2025-12-10","1112","OUT","5220000","CLIK AP payment","AP-PAY-CLIK-2025-12-2122","BANK"
"JE-CLIK-00327-2","CLIK","2025-01-10","1112","OUT","1207500","CLIK AP payment","AP-PAY-CLIK-2025-01-2125","BANK"
"JE-CLIK-00328-2","CLIK","2025-02-10","1112","OUT","1127000","CLIK AP payment","AP-PAY-CLIK-2025-02-2125","BANK"
"JE-CLIK-00329-2","CLIK","2025-03-10","1112","OUT","1368500","CLIK AP payment","AP-PAY-CLIK-2025-03-2125","BANK"
"JE-CLIK-00330-2","CLIK","2025-04-10","1112","OUT","1207500","CLIK AP payment","AP-PAY-CLIK-2025-04-2125","BANK"
"JE-CLIK-00331-2","CLIK","2025-05-10","1112","OUT","1288000","CLIK AP payment","AP-PAY-CLIK-2025-05-2125","BANK"
"JE-CLIK-00332-2","CLIK","2025-06-10","1112","OUT","1368500","CLIK AP payment","AP-PAY-CLIK-2025-06-2125","BANK"
"JE-CLIK-00333-2","CLIK","2025-07-10","1112","OUT","1368500","CLIK AP payment","AP-PAY-CLIK-2025-07-2125","BANK"
"JE-CLIK-00334-2","CLIK","2025-08-10","1112","OUT","1368500","CLIK AP payment","AP-PAY-CLIK-2025-08-2125","BANK"
"JE-CLIK-00335-2","CLIK","2025-09-10","1112","OUT","1449000","CLIK AP payment","AP-PAY-CLIK-2025-09-2125","BANK"
"JE-CLIK-00336-2","CLIK","2025-10-10","1112","OUT","1449000","CLIK AP payment","AP-PAY-CLIK-2025-10-2125","BANK"
"JE-CLIK-00337-2","CLIK","2025-11-10","1112","OUT","1449000","CLIK AP payment","AP-PAY-CLIK-2025-11-2125","BANK"
"JE-CLIK-00338-2","CLIK","2025-12-10","1112","OUT","1449000","CLIK AP payment","AP-PAY-CLIK-2025-12-2125","BANK"
"JE-CLIK-00339-2","CLIK","2025-01-10","1112","OUT","675000","CLIK AP payment","AP-PAY-CLIK-2025-01-2123","BANK"
"JE-CLIK-00340-2","CLIK","2025-02-10","1112","OUT","630000","CLIK AP payment","AP-PAY-CLIK-2025-02-2123","BANK"
"JE-CLIK-00341-2","CLIK","2025-03-10","1112","OUT","765000","CLIK AP payment","AP-PAY-CLIK-2025-03-2123","BANK"
"JE-CLIK-00342-2","CLIK","2025-04-10","1112","OUT","675000","CLIK AP payment","AP-PAY-CLIK-2025-04-2123","BANK"
"JE-CLIK-00343-2","CLIK","2025-05-10","1112","OUT","720000","CLIK AP payment","AP-PAY-CLIK-2025-05-2123","BANK"
"JE-CLIK-00344-2","CLIK","2025-06-10","1112","OUT","765000","CLIK AP payment","AP-PAY-CLIK-2025-06-2123","BANK"
"JE-CLIK-00345-2","CLIK","2025-07-10","1112","OUT","765000","CLIK AP payment","AP-PAY-CLIK-2025-07-2123","BANK"
"JE-CLIK-00346-2","CLIK","2025-08-10","1112","OUT","765000","CLIK AP payment","AP-PAY-CLIK-2025-08-2123","BANK"
"JE-CLIK-00347-2","CLIK","2025-09-10","1112","OUT","810000","CLIK AP payment","AP-PAY-CLIK-2025-09-2123","BANK"
"JE-CLIK-00348-2","CLIK","2025-10-10","1112","OUT","810000","CLIK AP payment","AP-PAY-CLIK-2025-10-2123","BANK"
"JE-CLIK-00349-2","CLIK","2025-11-10","1112","OUT","810000","CLIK AP payment","AP-PAY-CLIK-2025-11-2123","BANK"
"JE-CLIK-00350-2","CLIK","2025-12-10","1112","OUT","810000","CLIK AP payment","AP-PAY-CLIK-2025-12-2123","BANK"
"JE-ACG-00001-5","ACG","2025-01-01","1112","IN","14000000","Opening balance 2025 (1-Jan)","OPEN-ACG","GL"
"JE-ACG-00001-13","ACG","2025-01-01","1113","IN","1003473","Opening balance 2025 (1-Jan)","OPEN-ACG","GL"
"JE-ACG-00026-1","ACG","2025-04-30","1112","IN","8000000","ACG dividend received from HMW (interim)","DIV-RCV-ACG-H1","GL"
"JE-ACG-00027-1","ACG","2025-10-31","1112","IN","7959273","ACG dividend received from HMW (final)","DIV-RCV-ACG-H2","GL"
"JE-ACG-00028-1","ACG","2025-01-28","1112","IN","22865","ACG other income (interest received)","OI-ACG-2025-01","GL"
"JE-ACG-00029-1","ACG","2025-02-28","1112","IN","22865","ACG other income (interest received)","OI-ACG-2025-02","GL"
"JE-ACG-00030-1","ACG","2025-03-28","1112","IN","22865","ACG other income (interest received)","OI-ACG-2025-03","GL"
"JE-ACG-00031-1","ACG","2025-04-28","1112","IN","22865","ACG other income (interest received)","OI-ACG-2025-04","GL"
"JE-ACG-00032-1","ACG","2025-05-28","1112","IN","22865","ACG other income (interest received)","OI-ACG-2025-05","GL"
"JE-ACG-00033-1","ACG","2025-06-28","1112","IN","22865","ACG other income (interest received)","OI-ACG-2025-06","GL"
"JE-ACG-00034-1","ACG","2025-07-28","1112","IN","22865","ACG other income (interest received)","OI-ACG-2025-07","GL"
"JE-ACG-00035-1","ACG","2025-08-28","1112","IN","22865","ACG other income (interest received)","OI-ACG-2025-08","GL"
"JE-ACG-00036-1","ACG","2025-09-28","1112","IN","23140","ACG other income (interest received)","OI-ACG-2025-09","GL"
"JE-ACG-00037-1","ACG","2025-10-28","1112","IN","23140","ACG other income (interest received)","OI-ACG-2025-10","GL"
"JE-ACG-00038-1","ACG","2025-11-28","1112","IN","23140","ACG other income (interest received)","OI-ACG-2025-11","GL"
"JE-ACG-00039-1","ACG","2025-12-28","1112","IN","23140","ACG other income (interest received)","OI-ACG-2025-12","GL"
"JE-ACG-00052-2","ACG","2025-01-30","1112","OUT","4883604","ACG payment of operating costs","PAY-ACG-2025-01","BANK"
"JE-ACG-00053-2","ACG","2025-03-02","1112","OUT","4883604","ACG payment of operating costs","PAY-ACG-2025-03","BANK"
"JE-ACG-00054-2","ACG","2025-03-30","1112","OUT","4883604","ACG payment of operating costs","PAY-ACG-2025-03","BANK"
"JE-ACG-00055-2","ACG","2025-04-30","1112","OUT","4883604","ACG payment of operating costs","PAY-ACG-2025-04","BANK"
"JE-ACG-00056-2","ACG","2025-05-30","1112","OUT","4883604","ACG payment of operating costs","PAY-ACG-2025-05","BANK"
"JE-ACG-00057-2","ACG","2025-06-30","1112","OUT","4883604","ACG payment of operating costs","PAY-ACG-2025-06","BANK"
"JE-ACG-00058-2","ACG","2025-07-30","1112","OUT","4883604","ACG payment of operating costs","PAY-ACG-2025-07","BANK"
"JE-ACG-00059-2","ACG","2025-08-30","1112","OUT","4883604","ACG payment of operating costs","PAY-ACG-2025-08","BANK"
"JE-ACG-00060-2","ACG","2025-09-30","1112","OUT","4942442","ACG payment of operating costs","PAY-ACG-2025-09","BANK"
"JE-ACG-00061-2","ACG","2025-10-30","1112","OUT","4942442","ACG payment of operating costs","PAY-ACG-2025-10","BANK"
"JE-ACG-00062-2","ACG","2025-11-30","1112","OUT","4942442","ACG payment of operating costs","PAY-ACG-2025-11","BANK"
"JE-ACG-00063-2","ACG","2025-12-30","1112","OUT","4942443","ACG payment of operating costs","PAY-ACG-2025-12","BANK"
"JE-ACG-00076-2","ACG","2025-01-25","1112","OUT","20936","ACG admin 5419","OPEX-ACG-2025-01-5419","GL"
"JE-ACG-00077-2","ACG","2025-02-25","1112","OUT","20936","ACG admin 5419","OPEX-ACG-2025-02-5419","GL"
"JE-ACG-00078-2","ACG","2025-03-25","1112","OUT","20936","ACG admin 5419","OPEX-ACG-2025-03-5419","GL"
"JE-ACG-00079-2","ACG","2025-04-25","1112","OUT","20936","ACG admin 5419","OPEX-ACG-2025-04-5419","GL"
"JE-ACG-00080-2","ACG","2025-05-25","1112","OUT","20936","ACG admin 5419","OPEX-ACG-2025-05-5419","GL"
"JE-ACG-00081-2","ACG","2025-06-25","1112","OUT","20936","ACG admin 5419","OPEX-ACG-2025-06-5419","GL"
"JE-ACG-00082-2","ACG","2025-07-25","1112","OUT","20936","ACG admin 5419","OPEX-ACG-2025-07-5419","GL"
"JE-ACG-00083-2","ACG","2025-08-25","1112","OUT","20936","ACG admin 5419","OPEX-ACG-2025-08-5419","GL"
"JE-ACG-00084-2","ACG","2025-09-25","1112","OUT","21188","ACG admin 5419","OPEX-ACG-2025-09-5419","GL"
"JE-ACG-00085-2","ACG","2025-10-25","1112","OUT","21188","ACG admin 5419","OPEX-ACG-2025-10-5419","GL"
"JE-ACG-00086-2","ACG","2025-11-25","1112","OUT","21188","ACG admin 5419","OPEX-ACG-2025-11-5419","GL"
"JE-ACG-00087-2","ACG","2025-12-25","1112","OUT","21190","ACG admin 5419","OPEX-ACG-2025-12-5419","GL"
"JE-ACG-00088-2","ACG","2025-01-25","1112","OUT","16600","ACG admin 5418","OPEX-ACG-2025-01-5418","GL"
"JE-ACG-00089-2","ACG","2025-02-25","1112","OUT","16600","ACG admin 5418","OPEX-ACG-2025-02-5418","GL"
"JE-ACG-00090-2","ACG","2025-03-25","1112","OUT","16600","ACG admin 5418","OPEX-ACG-2025-03-5418","GL"
"JE-ACG-00091-2","ACG","2025-04-25","1112","OUT","16600","ACG admin 5418","OPEX-ACG-2025-04-5418","GL"
"JE-ACG-00092-2","ACG","2025-05-25","1112","OUT","16600","ACG admin 5418","OPEX-ACG-2025-05-5418","GL"
"JE-ACG-00093-2","ACG","2025-06-25","1112","OUT","16600","ACG admin 5418","OPEX-ACG-2025-06-5418","GL"
"JE-ACG-00094-2","ACG","2025-07-25","1112","OUT","16600","ACG admin 5418","OPEX-ACG-2025-07-5418","GL"
"JE-ACG-00095-2","ACG","2025-08-25","1112","OUT","16600","ACG admin 5418","OPEX-ACG-2025-08-5418","GL"
"JE-ACG-00096-2","ACG","2025-09-25","1112","OUT","16800","ACG admin 5418","OPEX-ACG-2025-09-5418","GL"
"JE-ACG-00097-2","ACG","2025-10-25","1112","OUT","16800","ACG admin 5418","OPEX-ACG-2025-10-5418","GL"
"JE-ACG-00098-2","ACG","2025-11-25","1112","OUT","16800","ACG admin 5418","OPEX-ACG-2025-11-5418","GL"
"JE-ACG-00099-2","ACG","2025-12-25","1112","OUT","16800","ACG admin 5418","OPEX-ACG-2025-12-5418","GL"
"JE-ACG-00100-1","ACG","2025-01-15","1112","IN","4565000","ACG receipt of mgmt fee from HMW","AR-RCP-ACG-HMW-2025-01","BANK"
"JE-ACG-00101-1","ACG","2025-01-15","1112","IN","830000","ACG receipt of mgmt fee from CLIK","AR-RCP-ACG-CLIK-2025-01","BANK"
"JE-ACG-00102-1","ACG","2025-02-15","1112","IN","4565000","ACG receipt of mgmt fee from HMW","AR-RCP-ACG-HMW-2025-02","BANK"
"JE-ACG-00103-1","ACG","2025-02-15","1112","IN","830000","ACG receipt of mgmt fee from CLIK","AR-RCP-ACG-CLIK-2025-02","BANK"
"JE-ACG-00104-1","ACG","2025-03-15","1112","IN","4565000","ACG receipt of mgmt fee from HMW","AR-RCP-ACG-HMW-2025-03","BANK"
"JE-ACG-00105-1","ACG","2025-03-15","1112","IN","830000","ACG receipt of mgmt fee from CLIK","AR-RCP-ACG-CLIK-2025-03","BANK"
"JE-ACG-00106-1","ACG","2025-04-15","1112","IN","4565000","ACG receipt of mgmt fee from HMW","AR-RCP-ACG-HMW-2025-04","BANK"
"JE-ACG-00107-1","ACG","2025-04-15","1112","IN","830000","ACG receipt of mgmt fee from CLIK","AR-RCP-ACG-CLIK-2025-04","BANK"
"JE-ACG-00108-1","ACG","2025-05-15","1112","IN","4565000","ACG receipt of mgmt fee from HMW","AR-RCP-ACG-HMW-2025-05","BANK"
"JE-ACG-00109-1","ACG","2025-05-15","1112","IN","830000","ACG receipt of mgmt fee from CLIK","AR-RCP-ACG-CLIK-2025-05","BANK"
"JE-ACG-00110-1","ACG","2025-06-15","1112","IN","4565000","ACG receipt of mgmt fee from HMW","AR-RCP-ACG-HMW-2025-06","BANK"
"JE-ACG-00111-1","ACG","2025-06-15","1112","IN","830000","ACG receipt of mgmt fee from CLIK","AR-RCP-ACG-CLIK-2025-06","BANK"
"JE-ACG-00112-1","ACG","2025-07-15","1112","IN","4565000","ACG receipt of mgmt fee from HMW","AR-RCP-ACG-HMW-2025-07","BANK"
"JE-ACG-00113-1","ACG","2025-07-15","1112","IN","830000","ACG receipt of mgmt fee from CLIK","AR-RCP-ACG-CLIK-2025-07","BANK"
"JE-ACG-00114-1","ACG","2025-08-15","1112","IN","4565000","ACG receipt of mgmt fee from HMW","AR-RCP-ACG-HMW-2025-08","BANK"
"JE-ACG-00115-1","ACG","2025-08-15","1112","IN","830000","ACG receipt of mgmt fee from CLIK","AR-RCP-ACG-CLIK-2025-08","BANK"
"JE-ACG-00116-1","ACG","2025-09-15","1112","IN","4620000","ACG receipt of mgmt fee from HMW","AR-RCP-ACG-HMW-2025-09","BANK"
"JE-ACG-00117-1","ACG","2025-09-15","1112","IN","840000","ACG receipt of mgmt fee from CLIK","AR-RCP-ACG-CLIK-2025-09","BANK"
"JE-ACG-00118-1","ACG","2025-10-15","1112","IN","4620000","ACG receipt of mgmt fee from HMW","AR-RCP-ACG-HMW-2025-10","BANK"
"JE-ACG-00119-1","ACG","2025-10-15","1112","IN","840000","ACG receipt of mgmt fee from CLIK","AR-RCP-ACG-CLIK-2025-10","BANK"
"JE-ACG-00120-1","ACG","2025-11-15","1112","IN","4620000","ACG receipt of mgmt fee from HMW","AR-RCP-ACG-HMW-2025-11","BANK"
"JE-ACG-00121-1","ACG","2025-11-15","1112","IN","840000","ACG receipt of mgmt fee from CLIK","AR-RCP-ACG-CLIK-2025-11","BANK"
"JE-ACG-00122-1","ACG","2025-12-15","1112","IN","4620000","ACG receipt of mgmt fee from HMW","AR-RCP-ACG-HMW-2025-12","BANK"
"JE-ACG-00123-1","ACG","2025-12-15","1112","IN","840000","ACG receipt of mgmt fee from CLIK","AR-RCP-ACG-CLIK-2025-12","BANK"
"JE-ACG-00124-2","ACG","2025-05-15","1112","OUT","15956511","ACG dividend declared and paid to shareholders","DIV-ACG-2025","GL"
"JE-ACG-00126-2","ACG","2025-09-30","1112","OUT","467307","ACG tax payment","TAX-PAY-ACG","TAX"
"JE-ACG-00128-2","ACG","2025-06-15","1112","OUT","1022979","ACG intangible capex","CAPEX-ACG-IT-2025","FA"
